"Time (s)","Linear Acceleration x (m/s^2)","Linear Acceleration y (m/s^2)","Linear Acceleration z (m/s^2)","Absolute acceleration (m/s^2)"
8.895208332E-3,-2.850499797E0,2.521019427E0,1.951040447E-1,3.810374474E0
1.886620832E-2,-3.052806441E0,3.348523234E0,-4.967798073E-2,4.531523245E0
2.883820832E-2,-2.539363897E0,5.674342722E0,-8.623122811E-2,6.217231711E0
3.881020832E-2,-1.138459393E0,6.049141644E0,-4.142465776E-1,6.169262893E0
4.878120834E-2,3.578829271E-1,6.214158255E0,-6.119462013E-1,6.254464099E0
5.875320834E-2,1.741519653E0,6.469503824E0,-7.126206368E-1,6.737595907E0
6.872420834E-2,2.811883907E0,6.468798065E0,-6.907409406E-1,7.087253528E0
7.869620834E-2,3.459371240E0,6.410727028E0,-6.150645214E-1,7.310470215E0
8.866720833E-2,3.743100947E0,6.179119400E0,-4.283389886E-1,7.237112377E0
9.863920833E-2,3.518167039E0,5.771589519E0,-1.603715837E-1,6.761247218E0
1.086112083E-1,2.542386615E0,5.290077158E0,3.680010952E-2,5.869412260E0
1.185822083E-1,1.398253450E0,4.852337052E0,-2.033771239E-2,5.049821898E0
1.285542083E-1,3.231214493E-1,4.329408277E0,7.127521992E-2,4.342034507E0
1.385252083E-1,-8.621930710E-1,3.824321696E0,5.363943279E-2,3.920674753E0
1.484972083E-1,-1.874359476E0,3.317554625E0,-7.570159871E-2,3.811183920E0
1.584692083E-1,-2.294200670E0,2.863040028E0,-2.621535184E-1,3.678189688E0
1.684402083E-1,-2.219614610E0,2.432270973E0,-3.160321023E-1,3.307946099E0
1.784122083E-1,-2.006020061E0,1.967479309E0,-4.357608229E-1,2.843409716E0
1.883832083E-1,-1.470843855E0,1.524169731E0,-5.174990505E-1,2.180431214E0
1.983552083E-1,-5.912746129E-1,1.115235933E0,-5.089831656E-1,1.361036633E0
2.083262083E-1,2.280005530E-1,7.019535613E-1,-4.535591261E-1,8.662787861E-1
2.182982083E-1,8.750210582E-1,2.910129994E-1,-4.043337564E-1,1.006894336E0
2.282702083E-1,1.410231179E0,-1.563060147E-1,-3.174792516E-1,1.453952070E0
2.382412083E-1,1.828429158E0,-6.273922062E-1,-1.966085333E-1,1.943046341E0
2.482132083E-1,1.922546380E0,-1.122564248E0,-7.303055406E-2,2.227480311E0
2.581842083E-1,1.704229182E0,-1.656677577E0,-5.644964118E-2,2.377428077E0
2.681562083E-1,1.355163563E0,-2.200870337E0,1.810056768E-2,2.584690727E0
2.781272083E-1,9.480022033E-1,-2.746343052E0,7.546354394E-2,2.906338432E0
2.880992083E-1,4.476413784E-1,-3.267906502E0,1.000236404E-1,3.299939460E0
2.980712083E-1,-4.843994245E-2,-3.771801420E0,4.124974927E-2,3.772337992E0
3.080422083E-1,-4.678439105E-1,-4.256041508E0,-7.541172300E-3,4.281684729E0
3.180142083E-1,-8.227793292E-1,-4.645705222E0,-4.696659029E-2,4.718235761E0
3.279852083E-1,-1.128007641E0,-5.048258538E0,-8.992199063E-2,5.173528918E0
3.379572083E-1,-1.309411001E0,-5.392933189E0,-1.044967604E-1,5.550604033E0
3.479282083E-1,-1.365923610E0,-5.684995764E0,-1.195843309E-1,5.848010307E0
3.579002083E-1,-1.318189572E0,-5.950680964E0,-1.346181071E-1,6.096421058E0
3.678722083E-1,-1.253758811E0,-6.165580757E0,-1.399992996E-1,6.293321622E0
3.778432083E-1,-1.087071065E0,-6.348738940E0,-7.363281727E-2,6.441555047E0
3.878152083E-1,-9.316691758E-1,-6.483901423E0,-6.656587243E-2,6.550833240E0
3.977862083E-1,-7.382670363E-1,-6.572059309E0,-1.500979801E-2,6.613412664E0
4.077582083E-1,-5.189911138E-1,-6.641765136E0,4.709816177E-2,6.662177882E0
4.177292083E-1,-3.488239820E-1,-6.644227399E0,1.330580608E-1,6.654708134E0
4.277012083E-1,-1.817011300E-1,-6.637275059E0,1.662608993E-1,6.641842982E0
4.376732083E-1,-1.903597601E-2,-6.604354650E0,1.847638285E-1,6.606966050E0
4.476442083E-1,1.242967482E-1,-6.485533966E0,1.750118605E-1,6.489085425E0
4.576162083E-1,2.494329373E-1,-6.380525574E0,2.441902689E-1,6.390066688E0
4.675872083E-1,3.401695181E-1,-6.273814473E0,3.136329532E-1,6.290852802E0
4.775592083E-1,3.673535892E-1,-6.081534634E0,3.054036001E-1,6.100269135E0
4.875302083E-1,3.730737741E-1,-5.864760808E0,3.454780591E-1,5.886761288E0
4.975022083E-1,3.019949475E-1,-5.656318679E0,3.282673645E-1,5.673878869E0
5.074744583E-1,1.578331612E-1,-5.422759836E0,3.438618886E-1,5.435943023E0
5.174454583E-1,-8.708039001E-3,-5.141343287E0,3.336608728E-1,5.152166166E0
5.274174583E-1,-2.308884928E-1,-4.836782289E0,3.355191179E-1,4.853900029E0
5.373884583E-1,-4.977834088E-1,-4.538932725E0,3.034483095E-1,4.576218907E0
5.473604583E-1,-7.568780659E-1,-4.156530669E0,2.899400719E-1,4.234817216E0
5.573324583E-1,-1.008935307E0,-3.765311596E0,3.072056937E-1,3.910229815E0
5.673034583E-1,-1.160228942E0,-3.357498710E0,3.015034890E-1,3.565085292E0
5.772754583E-1,-1.273048775E0,-2.906530448E0,2.903119183E-1,3.186354255E0
5.872464583E-1,-1.280106364E0,-2.399609596E0,2.948587132E-1,2.735642553E0
5.972184583E-1,-1.089527553E0,-1.907994415E0,3.860600746E-1,2.230819436E0
6.071894583E-1,-8.572438415E-1,-1.393068139E0,4.202230898E-1,1.688814166E0
6.171614583E-1,-5.303447255E-1,-8.406676430E-1,3.765665718E-1,1.062915799E0
6.271334583E-1,-1.293418720E-1,-2.798454022E-1,4.266116846E-1,5.263461774E-1
6.371044583E-1,3.666384747E-1,2.702471977E-1,5.209167846E-1,6.919621489E-1
6.470764583E-1,8.241638037E-1,8.554634374E-1,6.156673694E-1,1.337949916E0
6.570474583E-1,1.109751756E0,1.390277848E0,5.178294182E-1,1.852719288E0
6.670194583E-1,1.252794897E0,1.885970877E0,5.039493342E-1,2.319557314E0
6.769904583E-1,1.292217702E0,2.370896258E0,4.974998553E-1,2.745629575E0
6.869624583E-1,1.117734521E0,2.816124308E0,4.802469878E-1,3.067657697E0
6.969344583E-1,7.490119529E-1,3.194264914E0,3.787393606E-1,3.302694468E0
7.069054583E-1,3.063318273E-1,3.576903782E0,3.541483104E-1,3.607423025E0
7.168774583E-1,-1.176515338E-1,3.958681356E0,4.116603907E-1,3.981766472E0
7.268484583E-1,-5.842045617E-1,4.317944811E0,4.091951680E-1,4.376457820E0
7.368204583E-1,-9.396235818E-1,4.634933481E0,3.659491976E-1,4.743355317E0
7.467914583E-1,-1.034598298E0,5.005415989E0,3.875230479E-1,5.125890846E0
7.567634583E-1,-8.656404432E-1,5.367366824E0,4.811416483E-1,5.457971902E0
7.667354583E-1,-5.451552111E-1,5.645880230E0,4.715685868E-1,5.691707539E0
7.767064583E-1,-4.083315343E-2,5.961169115E0,4.077742946E-1,5.975239279E0
7.866784583E-1,5.481369987E-1,6.272645030E0,4.118767011E-1,6.310005726E0
7.966494583E-1,1.075033548E0,6.485178455E0,4.208755660E-1,6.587136932E0
8.066214583E-1,1.481432870E0,6.659009160E0,3.651328897E-1,6.831571442E0
8.165924583E-1,1.702932269E0,6.790688456E0,2.679989251E-1,7.006086743E0
8.265644583E-1,1.684958513E0,6.831806661E0,2.582761931E-1,7.041262248E0
8.365364583E-1,1.344519000E0,6.790516548E0,2.724954522E-1,6.927705255E0
8.465074583E-1,8.897085330E-1,6.731661984E0,2.050793946E-1,6.793299044E0
8.564794583E-1,3.684382477E-1,6.620131023E0,1.804345318E-1,6.632830325E0
8.664504583E-1,-1.313613907E-1,6.436686326E0,2.292272258E-1,6.442106162E0
8.764224583E-1,-5.956700015E-1,6.289196159E0,2.663687396E-1,6.322955273E0
8.863944583E-1,-8.237408307E-1,6.097336149E0,2.259709114E-1,6.156875825E0
8.963654583E-1,-7.753249349E-1,5.885962812E0,2.113008320E-1,5.940566894E0
9.063374583E-1,-5.858734667E-1,5.676581036E0,2.391037577E-1,5.711741467E0
9.163084583E-1,-2.184420365E-1,5.441141728E0,1.726215005E-1,5.448260127E0
9.262804583E-1,2.741249250E-1,5.164579538E0,6.850362143E-2,5.172303067E0
9.362514583E-1,7.117868970E-1,4.853991814E0,1.723758261E-2,4.905932557E0
9.462234583E-1,1.072085455E0,4.552036920E0,-2.447761416E-2,4.676644791E0
9.561954583E-1,1.297732796E0,4.172032807E0,-9.237723649E-2,4.370183258E0
9.661664583E-1,1.353685680E0,3.716666270E0,-1.881686622E-1,3.959984915E0
9.761384583E-1,1.187555977E0,3.277705851E0,-1.930773997E-1,3.491550333E0
9.861094583E-1,8.681188586E-1,2.761533533E0,-2.010068089E-1,2.901741123E0
9.960814583E-1,4.943913659E-1,2.224199558E0,-2.499170136E-1,2.292148558E0
1.006052458E0,1.034087763E-1,1.711797525E0,-3.032389426E-1,1.741521748E0
1.016024458E0,-2.818774924E-1,1.191547360E0,-2.740987587E-1,1.254739081E0
1.025996458E0,-6.196985129E-1,6.376797974E-1,-2.556841590E-1,9.252222220E-1
1.035967458E0,-7.948164091E-1,1.206292284E-1,-2.732994809E-1,8.491037281E-1
1.045939458E0,-8.387316298E-1,-3.668385226E-1,-2.966608250E-1,9.623143424E-1
1.055910458E0,-8.659418672E-1,-8.692868400E-1,-3.468170714E-1,1.275067453E0
1.065882458E0,-7.493038751E-1,-1.355791554E0,-4.112867536E-1,1.602742596E0
1.075854458E0,-4.272328050E-1,-1.787337704E0,-3.662449571E-1,1.873830117E0
1.085825458E0,-2.878500212E-1,-2.235269507E0,-4.709487089E-1,2.302407455E0
1.095797458E0,-1.412831289E-1,-2.679293030E0,-6.222899258E-1,2.754236158E0
1.105768458E0,1.221426339E-1,-3.121222081E0,-6.443053506E-1,3.189369136E0
1.115740458E0,3.500655652E-1,-3.488325482E0,-6.642741767E-1,3.568223753E0
1.125711458E0,3.082143384E-1,-3.911656294E0,-7.981472754E-1,4.004134128E0
1.135683458E0,2.918030313E-1,-4.307905142E0,-8.960917190E-1,4.409781864E0
1.145655458E0,3.198614804E-1,-4.645105882E0,-8.815567104E-1,4.738824987E0
1.155626458E0,2.952805167E-1,-4.987745703E0,-8.549249089E-1,5.069092067E0
1.165598458E0,7.979008153E-2,-5.312936847E0,-9.258773625E-1,5.393599289E0
1.175569458E0,-8.923925512E-2,-5.590421728E0,-9.653161012E-1,5.673853534E0
1.185541458E0,-1.912709025E-1,-5.841517541E0,-9.306732488E-1,5.918282220E0
1.195512458E0,-3.042938169E-1,-6.067425302E0,-9.345704180E-1,6.146516606E0
1.205484458E0,-4.821988614E-1,-6.245903374E0,-9.431190473E-1,6.335084706E0
1.215456458E0,-6.028037507E-1,-6.354496109E0,-9.266065103E-1,6.449929673E0
1.225427458E0,-7.029708306E-1,-6.480864379E0,-8.767864788E-1,6.577577489E0
1.235399458E0,-7.342342848E-1,-6.543622545E0,-8.555394512E-1,6.640033415E0
1.245370458E0,-7.869016179E-1,-6.522022930E0,-7.976455843E-1,6.617570229E0
1.255342458E0,-8.847658816E-1,-6.538812625E0,-8.610891167E-1,6.654348629E0
1.265313458E0,-8.705192868E-1,-6.502699052E0,-8.260788399E-1,6.612511251E0
1.275285458E0,-7.712251597E-1,-6.377359307E0,-7.797180212E-1,6.470970574E0
1.285257458E0,-7.117082519E-1,-6.223583382E0,-7.414656094E-1,6.307875237E0
1.295228458E0,-6.701168608E-1,-6.081091415E0,-7.951400524E-1,6.169357917E0
1.305200458E0,-5.341385452E-1,-5.855839711E0,-7.875463466E-1,5.932654714E0
1.315171458E0,-3.191299937E-1,-5.575238264E0,-7.766190699E-1,5.638108089E0
1.325143458E0,-2.052940605E-1,-5.328347184E0,-8.108663582E-1,5.393601173E0
1.335114458E0,-9.939389527E-2,-5.027831290E0,-9.001963913E-1,5.108749374E0
1.345086458E0,4.582338654E-2,-4.641861262E0,-9.189396411E-1,4.732169252E0
1.355058458E0,2.438408064E-1,-4.296900682E0,-9.462859724E-1,4.406616724E0
1.365029458E0,2.655749801E-1,-3.943719501E0,-9.615484478E-1,4.067926866E0
1.375001458E0,2.526218625E-1,-3.526068090E0,-1.018162798E0,3.678808158E0
1.384972458E0,2.230038149E-1,-3.118644043E0,-9.851288798E-1,3.278132133E0
1.394944458E0,1.481396471E-1,-2.729963831E0,-9.522792953E-1,2.895079227E0
1.404916458E0,-3.938472502E-2,-2.291982821E0,-8.783324095E-1,2.454832831E0
1.414887458E0,-2.301076703E-1,-1.816729903E0,-7.396534842E-1,1.974979584E0
1.424859458E0,-4.167391726E-1,-1.395347968E0,-6.171777052E-1,1.581637067E0
1.434830458E0,-6.209200694E-1,-9.290459687E-1,-4.806254122E-1,1.216416430E0
1.444802458E0,-8.022575757E-1,-4.083636940E-1,-3.585174230E-1,9.689751632E-1
1.454773458E0,-8.264301845E-1,7.119745195E-2,-2.116604358E-1,8.560701297E-1
1.464745458E0,-7.372901127E-1,5.423122948E-1,-1.667309424E-1,9.303217415E-1
1.474717458E0,-5.979044053E-1,1.095915563E0,-1.759941014E-1,1.260751571E0
1.484688458E0,-3.417229772E-1,1.618867727E0,-1.745715469E-1,1.663725499E0
1.494660458E0,-1.318949126E-2,2.099062126E0,-2.237033612E-1,2.110990044E0
1.504631458E0,3.360497893E-1,2.608418929E0,-3.653948450E-1,2.655238626E0
1.514603625E0,6.409628628E-1,3.120709864E0,-5.227457936E-1,3.228455763E0
1.524574625E0,9.129850560E-1,3.567938247E0,-6.004394656E-1,3.731521486E0
1.534546625E0,1.061862183E0,3.976769133E0,-6.475534058E-1,4.166721667E0
1.544518625E0,1.007594394E0,4.397627742E0,-6.422049576E-1,4.557060832E0
1.554489625E0,8.451105767E-1,4.710940853E0,-6.095283411E-1,4.824800556E0
1.564461625E0,6.053585089E-1,5.013864046E0,-4.196113980E-1,5.067678494E0
1.574432625E0,2.874176927E-1,5.332405152E0,-1.619889235E-1,5.342601805E0
1.584404625E0,-9.228711627E-2,5.547637652E0,-6.112679243E-3,5.548408582E0
1.594376625E0,-3.214337236E-1,5.761594874E0,2.004068846E-1,5.774033083E0
1.604347625E0,-4.174205194E-1,6.005733669E0,4.322238421E-1,6.035718204E0
1.614319625E0,-4.588787401E-1,6.203399963E0,5.372339880E-1,6.243505519E0
1.624290625E0,-3.248998799E-1,6.329447806E0,4.894230598E-1,6.356650407E0
1.634262625E0,5.245171711E-3,6.493853384E0,3.997986925E-1,6.506150804E0
1.644233625E0,3.754598766E-1,6.619236984E0,2.874134535E-1,6.636103891E0
1.654205625E0,7.242951145E-1,6.641393253E0,9.653927545E-2,6.681468969E0
1.664177625E0,1.042063730E0,6.673459969E0,-1.466434908E-1,6.755921039E0
1.674148625E0,1.287651612E0,6.682816683E0,-2.749056745E-1,6.811289057E0
1.684120625E0,1.290575950E0,6.567072219E0,-2.724814188E-1,6.698228865E0
1.694091625E0,1.159137998E0,6.392709417E0,-2.422899055E-1,6.501464373E0
1.704063625E0,9.823909210E-1,6.217764233E0,-1.440426493E-1,6.296541294E0
1.714034625E0,6.476197717E-1,5.956259792E0,4.567143202E-2,5.991538030E0
1.724006625E0,2.623149746E-1,5.675223897E0,3.308015478E-1,5.690905472E0
1.733978625E0,-3.431124218E-2,5.400625786E0,5.326228738E-1,5.426934979E0
1.743949625E0,-1.891641141E-1,5.094482532E0,6.938972676E-1,5.145000364E0
1.753921625E0,-3.106234278E-1,4.711154861E0,8.328516698E-1,4.794278772E0
1.763892625E0,-2.867312296E-1,4.372226268E0,9.083614433E-1,4.474784671E0
1.773864625E0,-8.749532305E-2,4.032310081E0,8.267845988E-1,4.117129193E0
1.783836625E0,1.660011733E-1,3.619262182E0,6.921852028E-1,3.688595327E0
1.793807625E0,3.932278473E-1,3.214665264E0,6.024514560E-1,3.294184066E0
1.803779625E0,6.568731366E-1,2.823088927E0,4.619885452E-1,2.935088895E0
1.813750625E0,8.521827109E-1,2.367255782E0,2.531446401E-1,2.528675052E0
1.823722625E0,9.503840666E-1,1.887319245E0,1.859531156E-1,2.121269046E0
1.833693625E0,9.230293299E-1,1.411053005E0,1.896906924E-1,1.696772314E0
1.843665625E0,8.572559745E-1,8.960705960E-1,2.079281946E-1,1.257403854E0
1.853637625E0,7.110345796E-1,3.757140112E-1,2.526196333E-1,8.429400161E-1
1.863608625E0,4.771953259E-1,-1.352519453E-1,3.887357970E-1,6.301777429E-1
1.873580625E0,2.632832370E-1,-6.495496452E-1,5.189111531E-1,8.720674224E-1
1.883551625E0,9.657835130E-2,-1.185130625E0,6.553090795E-1,1.357678889E0
1.893523625E0,-7.258227361E-2,-1.690401394E0,7.798268525E-1,1.863023075E0
1.903494625E0,-2.213939120E-1,-2.163371558E0,8.713381163E-1,2.342738115E0
1.913466625E0,-2.780558984E-1,-2.637998239E0,9.531090152E-1,2.818646233E0
1.923438625E0,-2.635675761E-1,-3.072138798E0,1.005551523E0,3.243245061E0
1.933409625E0,-2.267033848E-1,-3.480702467E0,9.596906412E-1,3.617691282E0
1.943381625E0,-1.926685880E-1,-3.898645654E0,9.262083149E-1,4.011785259E0
1.953352625E0,-8.670331769E-2,-4.274647933E0,9.260352373E-1,4.374662693E0
1.963324625E0,2.721016422E-2,-4.598582511E0,8.614644349E-1,4.678656054E0
1.973296625E0,1.028689686E-1,-4.924610392E0,8.016860104E-1,4.990497971E0
1.983267625E0,1.882900650E-1,-5.225125701E0,7.346195432E-1,5.279872879E0
1.993239625E0,2.447512544E-1,-5.473489110E0,6.849532934E-1,5.521607305E0
2.003210625E0,3.024403226E-1,-5.698000556E0,6.805399612E-1,5.746461096E0
2.013182625E0,2.871497806E-1,-5.931859946E0,6.423611514E-1,5.973445008E0
2.023153625E0,2.636570933E-1,-6.111936647E0,5.778172461E-1,6.144848038E0
2.033125625E0,2.651215468E-1,-6.228005632E0,5.699925021E-1,6.259651351E0
2.043097625E0,2.227066850E-1,-6.350294300E0,5.626530039E-1,6.379060618E0
2.053068625E0,1.232994142E-1,-6.443222929E0,5.670525221E-1,6.469302359E0
2.063040625E0,7.466150695E-2,-6.469404421E0,5.498547645E-1,6.493158567E0
2.073011625E0,1.408789767E-2,-6.482571182E0,5.622986627E-1,6.506927645E0
2.082983625E0,-3.331741652E-2,-6.471167942E0,5.552234586E-1,6.495028689E0
2.092954625E0,-1.305354897E-1,-6.394162450E0,5.630680832E-1,6.420233533E0
2.102926625E0,-2.035895423E-1,-6.284694972E0,5.988403253E-1,6.316442775E0
2.112898625E0,-2.331265512E-1,-6.150713627E0,6.040418621E-1,6.184698269E0
2.122869625E0,-2.576306423E-1,-5.973245369E0,6.189686342E-1,6.010753360E0
2.132841625E0,-3.029850821E-1,-5.722989802E0,6.300912809E-1,5.765537898E0
2.142812625E0,-3.131696344E-1,-5.480563656E0,6.724017334E-1,5.530531376E0
2.152784625E0,-2.625980164E-1,-5.192963676E0,6.909561912E-1,5.245307419E0
2.162755625E0,-1.818131773E-1,-4.865468729E0,6.903164327E-1,4.917558211E0
2.172727625E0,-9.617847484E-2,-4.525676503E0,6.679087329E-1,4.575707615E0
2.182699625E0,-2.863761574E-2,-4.149649665E0,6.502770388E-1,4.200389587E0
2.192670625E0,1.042244628E-1,-3.745566718E0,6.217683542E-1,3.798253370E0
2.202642625E0,2.974032752E-1,-3.293444216E0,5.796192483E-1,3.357258105E0
2.212613625E0,3.714842085E-1,-2.868142308E0,4.712633987E-1,2.930244018E0
2.222585625E0,4.371504137E-1,-2.391532252E0,4.159628085E-1,2.466485770E0
2.232556625E0,5.475521675E-1,-1.908415999E0,3.602960730E-1,2.017839999E0
2.242528625E0,5.241947337E-1,-1.437260810E0,2.757406751E-1,1.554519757E0
2.252500625E0,4.259281816E-1,-9.795325828E-1,1.946292142E-1,1.085716090E0
2.262471625E0,3.413271938E-1,-5.025447965E-1,1.342894936E-1,6.221649249E-1
2.272443625E0,2.937183234E-1,-1.308314502E-2,1.467206923E-1,3.285857327E-1
2.282414625E0,1.184071402E-1,4.459899420E-1,1.537209423E-1,4.863716761E-1
2.292386625E0,-5.983379032E-2,9.507449859E-1,1.666854072E-1,9.670988242E-1
2.302358625E0,-1.741847901E-1,1.412490250E0,2.312269735E-1,1.441851227E0
2.312329625E0,-1.801621063E-1,1.878429723E0,3.038645947E-1,1.911358234E0
2.322301625E0,-2.190038443E-1,2.383090627E0,3.590283966E-1,2.419914256E0
2.332272625E0,-1.315697343E-1,2.859379671E0,4.036256951E-1,2.890722470E0
2.342244625E0,6.163425766E-2,3.302820811E0,3.922306412E-1,3.326600212E0
2.352215625E0,2.527681891E-1,3.768691286E0,4.009044009E-1,3.798374667E0
2.362187625E0,4.141006165E-1,4.196004052E0,3.331720090E-1,4.229531051E0
2.372159625E0,6.207298887E-1,4.585031004E0,2.514752966E-1,4.633686947E0
2.382130625E0,8.190895168E-1,4.961132101E0,1.609627372E-1,5.030869543E0
2.392102625E0,8.194566489E-1,5.309718540E0,4.332494438E-2,5.372755087E0
2.402073625E0,7.697469105E-1,5.568846087E0,-6.214537740E-2,5.622136524E0
2.412045625E0,7.156372154E-1,5.811026065E0,-1.225482845E-1,5.856208555E0
2.422016625E0,5.348806299E-1,6.048966227E0,-1.399513342E-1,6.074181104E0
2.431988625E0,2.593650178E-1,6.200497990E0,-1.350297328E-1,6.207389030E0
2.441960625E0,8.185758390E-2,6.322677315E0,-9.468686840E-2,6.323916089E0
2.451931625E0,-4.207890272E-2,6.446901412E0,-4.052065630E-2,6.447166073E0
2.461903625E0,-1.577622637E-1,6.499053898E0,4.931479555E-2,6.501155470E0
2.471874625E0,-1.827579412E-1,6.543559980E0,9.674042881E-2,6.546826436E0
2.481846625E0,-6.596836008E-2,6.571301510E0,1.562580675E-1,6.573490088E0
2.491818625E0,1.173933792E-1,6.560536786E0,1.370464192E-1,6.563018044E0
2.501789625E0,2.530640582E-1,6.487940680E0,1.110099739E-1,6.493823134E0
2.511761500E0,4.881585263E-1,6.396416552E0,1.899698239E-2,6.415045155E0
2.521732500E0,6.671863825E-1,6.264117451E0,-7.386144340E-2,6.299981001E0
2.531704500E0,6.922793430E-1,6.072424672E0,-1.795077664E-1,6.114394093E0
2.541675500E0,6.463064139E-1,5.838140774E0,-2.797506773E-1,5.880464277E0
2.551647500E0,5.803723332E-1,5.577623343E0,-3.496459909E-1,5.618626747E0
2.561619500E0,3.977672967E-1,5.253052588E0,-3.963056024E-1,5.282976287E0
2.571590500E0,1.425300477E-1,4.897866397E0,-4.310129203E-1,4.918859847E0
2.581562500E0,-4.549360357E-2,4.534839090E0,-4.327869290E-1,4.555671165E0
2.591533500E0,-2.032320399E-1,4.141393397E0,-3.817413942E-1,4.163912706E0
2.601505500E0,-3.862148796E-1,3.699105327E0,-3.225628575E-1,3.733174112E0
2.611476500E0,-4.770440657E-1,3.267060410E0,-2.839314731E-1,3.313890741E0
2.621448500E0,-4.174860082E-1,2.846829792E0,-2.665354949E-1,2.889597827E0
2.631420500E0,-3.481410272E-1,2.390538225E0,-2.324017157E-1,2.426908679E0
2.641391500E0,-3.061114604E-1,1.930502687E0,-2.545246927E-1,1.971123453E0
2.651363500E0,-1.639410165E-1,1.484778208E0,-2.557227872E-1,1.515531962E0
2.661334500E0,-1.484651908E-2,9.930858439E-1,-3.220501663E-1,1.044105465E0
2.671306500E0,6.271475002E-2,5.096421468E-1,-3.771214360E-1,6.370940552E-1
2.681278500E0,6.304665260E-2,2.830344737E-2,-4.356362772E-1,4.410838147E-1
2.691249500E0,9.632849246E-2,-4.733496487E-1,-5.173804251E-1,7.078287736E-1
2.701221500E0,7.634936057E-2,-9.666347945E-1,-5.864599425E-1,1.133202239E0
2.711192500E0,-4.409019873E-2,-1.474772453E0,-6.146816019E-1,1.598352653E0
2.721164500E0,-1.842308548E-1,-1.945147623E0,-6.459975348E-1,2.057875870E0
2.731135500E0,-2.642700277E-1,-2.448431507E0,-6.674147163E-1,2.551489349E0
2.741107500E0,-3.634691376E-1,-2.908731925E0,-6.654915670E-1,3.005945816E0
2.751079500E0,-5.193103717E-1,-3.336223615E0,-6.626591027E-1,3.440812166E0
2.761050500E0,-6.437155858E-1,-3.776040067E0,-6.387749078E-1,3.883411094E0
2.771022500E0,-6.717200211E-1,-4.169506810E0,-6.080327330E-1,4.266813639E0
2.780993500E0,-6.892498275E-1,-4.530486422E0,-5.591394851E-1,4.616601511E0
2.790965500E0,-7.665644172E-1,-4.878033811E0,-5.468731961E-1,4.968088683E0
2.800936500E0,-7.914513364E-1,-5.201219360E0,-5.246297300E-1,5.287183977E0
2.810908500E0,-7.056912477E-1,-5.458329034E0,-4.594695282E-1,5.522903967E0
2.820880500E0,-6.273666246E-1,-5.679316363E0,-4.317858857E-1,5.730153775E0
2.830851500E0,-6.487607827E-1,-5.923410135E0,-4.106914705E-1,5.972967911E0
2.840823500E0,-5.989475486E-1,-6.100679587E0,-4.061259645E-1,6.143449185E0
2.850794500E0,-4.879964123E-1,-6.201822385E0,-3.833965947E-1,6.232795066E0
2.860766500E0,-4.169978388E-1,-6.318546842E0,-3.469446138E-1,6.341789334E0
2.870737500E0,-4.285699171E-1,-6.409970983E0,-3.659707958E-1,6.434697724E0
2.880709500E0,-3.854537914E-1,-6.422099277E0,-3.410493779E-1,6.442689534E0
2.890681500E0,-2.549713469E-1,-6.444532120E0,-3.457400509E-1,6.458834324E0
2.900652500E0,-2.106923562E-1,-6.411932724E0,-3.681506743E-1,6.425947980E0
2.910624500E0,-2.530495863E-1,-6.324003464E0,-3.725395578E-1,6.340018898E0
2.920595500E0,-2.735116982E-1,-6.220596625E0,-3.389069216E-1,6.235823034E0
2.930567500E0,-2.214695786E-1,-6.110567229E0,-3.376580294E-1,6.123895294E0
2.940539500E0,-2.357214358E-1,-5.930928485E0,-3.493705140E-1,5.945884042E0
2.950510500E0,-3.186579041E-1,-5.690957000E0,-3.712654130E-1,5.711949969E0
2.960482500E0,-3.781102733E-1,-5.473986708E0,-3.614748716E-1,5.498923707E0
2.970453500E0,-3.895242575E-1,-5.211531510E0,-2.968356202E-1,5.234491495E0
2.980425500E0,-4.294963353E-1,-4.883450087E0,-2.774802218E-1,4.910147363E0
2.990396500E0,-5.384937707E-1,-4.557383029E0,-2.870210870E-1,4.598053580E0
3.000368500E0,-5.893763144E-1,-4.219770060E0,-2.395189101E-1,4.267457453E0
3.010340500E0,-5.496865474E-1,-3.806025758E0,-1.590524336E-1,3.848803067E0
3.020311500E0,-4.856880777E-1,-3.383403629E0,-7.893329998E-2,3.418997440E0
3.030283500E0,-4.718247680E-1,-2.968164194E0,-3.939503074E-2,3.005689482E0
3.040254500E0,-3.661420461E-1,-2.503040993E0,4.263614237E-2,2.530037955E0
3.050226500E0,-1.633440889E-1,-1.998544981E0,1.593535835E-1,2.011530983E0
3.060197500E0,-2.296830162E-2,-1.523351705E0,2.040268958E-1,1.537125543E0
3.070169500E0,7.674368218E-2,-1.036486802E0,1.933703452E-1,1.057159673E0
3.080141500E0,2.490833469E-1,-4.958012027E-1,2.319110978E-1,6.013685255E-1
3.090112500E0,4.352599358E-1,4.506449103E-3,2.509437847E-1,5.024383573E-1
3.100084500E0,5.293908984E-1,4.796441764E-1,2.250885665E-1,7.489847275E-1
3.110055500E0,5.007503591E-1,9.951247680E-1,1.245866239E-1,1.120957650E0
3.120027500E0,5.065127170E-1,1.472522444E0,9.720995109E-2,1.560233077E0
3.129999500E0,4.705040281E-1,1.928105328E0,8.639844934E-2,1.986562078E0
3.139970500E0,2.712670252E-1,2.394268164E0,7.139684200E-2,2.410643762E0
3.149942500E0,1.376757258E-1,2.843133182E0,2.970503409E-2,2.846619624E0
3.159913500E0,5.028243665E-2,3.243520689E0,7.351938128E-2,3.244743423E0
3.169885500E0,-3.307466570E-2,3.650192199E0,1.485672247E-1,3.653364099E0
3.179856500E0,-1.217071626E-1,4.087064577E0,2.143133175E-1,4.094488941E0
3.189828500E0,-6.575599652E-2,4.445804706E0,2.799822271E-1,4.455097461E0
3.199800500E0,9.354536399E-2,4.812090082E0,4.209773076E-1,4.831374917E0
3.209771500E0,2.165800638E-1,5.182549785E0,5.100537908E-1,5.212090183E0
3.219743500E0,4.185971984E-1,5.495165323E0,5.093486166E-1,5.534573295E0
3.229714500E0,7.031400345E-1,5.762856703E0,5.408662784E-1,5.830734055E0
3.239686500E0,8.565553319E-1,6.044512988E0,5.329339457E-1,6.128119033E0
3.249657500E0,8.990222704E-1,6.212785914E0,4.880109572E-1,6.296435861E0
3.259629500E0,9.567996316E-1,6.345578520E0,3.658415723E-1,6.427726841E0
3.269601500E0,9.613724466E-1,6.504832701E0,2.963754809E-1,6.582167111E0
3.279572500E0,7.555513327E-1,6.558940496E0,2.699378618E-1,6.607830559E0
3.289544500E0,5.331391098E-1,6.522311783E0,1.805327833E-1,6.546554849E0
3.299515500E0,3.798591755E-1,6.516718921E0,1.484619931E-1,6.529468543E0
3.309487500E0,1.923148497E-1,6.505988111E0,1.936528023E-1,6.511710045E0
3.319459500E0,3.162623730E-2,6.368902479E0,2.711646076E-1,6.374750917E0
3.329430500E0,2.478660297E-2,6.259882312E0,3.023805714E-1,6.267230246E0
3.339402500E0,9.673121944E-2,6.133370785E0,3.844743097E-1,6.146170727E0
3.349373500E0,1.576060700E-1,5.931882750E0,4.588742816E-1,5.951692049E0
3.359345500E0,2.998672188E-1,5.722883967E0,5.118827999E-1,5.753550665E0
3.369316500E0,5.118152645E-1,5.513572358E0,5.285192978E-1,5.562442598E0
3.379288500E0,6.691575520E-1,5.216079474E0,5.195321274E-1,5.284427172E0
3.389260500E0,6.995807612E-1,4.888341283E0,4.844137502E-1,4.961849496E0
3.399231500E0,7.533686402E-1,4.539288236E0,4.033152080E-1,4.619022099E0
3.409203500E0,7.457956188E-1,4.162657381E0,2.948224604E-1,4.239203683E0
3.419174500E0,6.024477649E-1,3.735931676E0,2.253949424E-1,3.790901170E0
3.429146500E0,4.121648227E-1,3.295224109E0,1.550494480E-1,3.324518326E0
3.439117500E0,2.827185047E-1,2.857481664E0,1.024467448E-1,2.873260613E0
3.449089500E0,9.159429431E-2,2.367865646E0,4.331618269E-2,2.370032389E0
3.459061500E0,-1.185443305E-1,1.870930669E0,5.264599085E-2,1.875421533E0
3.469032500E0,-2.222292050E-1,1.393496740E0,5.591690501E-2,1.412213045E0
3.479004500E0,-2.384142248E-1,9.056331325E-1,6.646763921E-2,9.388453868E-1
3.488975500E0,-2.810187192E-1,4.007424331E-1,1.089406443E-1,5.014320314E-1
3.498947500E0,-2.834172470E-1,-9.899920821E-2,1.235411417E-1,3.246360929E-1
3.508919500E0,-2.214971336E-1,-5.898846567E-1,1.580566710E-1,6.496205043E-1
3.518890958E0,-1.218516619E-1,-1.084478994E0,1.134839308E-1,1.097187823E0
3.528862958E0,-5.887751475E-2,-1.542396086E0,1.528824699E-1,1.551072306E0
3.538833958E0,-3.763107195E-2,-2.010250522E0,1.238340964E-1,2.014412605E0
3.548805958E0,2.843332864E-2,-2.460880814E0,1.105006905E-1,2.463524556E0
3.558776958E0,5.189213857E-2,-2.887270305E0,1.716917932E-2,2.887787628E0
3.568748958E0,1.748047046E-2,-3.323840967E0,-1.896659514E-2,3.323941045E0
3.578720958E0,-1.411130480E-2,-3.754060968E0,-3.727658451E-2,3.754272556E0
3.588691958E0,-4.572603039E-2,-4.156500848E0,-1.088143444E-1,4.158176371E0
3.598663958E0,-1.630121863E-1,-4.509437615E0,-2.251236498E-1,4.517995267E0
3.608634958E0,-2.435324389E-1,-4.871401314E0,-2.812574865E-1,4.885587435E0
3.618606958E0,-3.127831335E-1,-5.178108240E0,-2.931063209E-1,5.195820393E0
3.628577958E0,-3.424579722E-1,-5.451891249E0,-3.274066544E-1,5.472439198E0
3.638549958E0,-4.541641302E-1,-5.692645091E0,-3.556218088E-1,5.721795179E0
3.648521958E0,-5.176023269E-1,-5.931308554E0,-4.308123608E-1,5.969416439E0
3.658492958E0,-5.326906284E-1,-6.113407806E0,-4.112440324E-1,6.150336248E0
3.668464958E0,-5.478211029E-1,-6.233859279E0,-4.374921834E-1,6.273157808E0
3.678435958E0,-5.660549871E-1,-6.363744650E0,-4.518576594E-1,6.404829394E0
3.688407958E0,-5.967050683E-1,-6.428604890E0,-4.653658970E-1,6.472988736E0
3.698379958E0,-5.709969076E-1,-6.431678186E0,-4.621978390E-1,6.473495856E0
3.708350958E0,-5.293064792E-1,-6.437304377E0,-4.615616620E-1,6.475499375E0
3.718322958E0,-5.011381757E-1,-6.398300525E0,-4.444825298E-1,6.433269293E0
3.728293958E0,-4.741449431E-1,-6.285499549E0,-4.348410559E-1,6.318338765E0
3.738265958E0,-4.001279638E-1,-6.172579874E0,-4.163573494E-1,6.199532090E0
3.748236958E0,-3.322342618E-1,-6.041121603E0,-3.870259615E-1,6.062616508E0
3.758208958E0,-2.855098924E-1,-5.823114014E0,-3.776377451E-1,5.842326847E0
3.768180958E0,-2.427065197E-1,-5.598860430E0,-3.762905467E-1,5.616737411E0
3.778151958E0,-2.181033365E-1,-5.366251760E0,-3.758584374E-1,5.383818030E0
3.788123958E0,-1.577284230E-1,-5.077235584E0,-3.837925974E-1,5.094162953E0
3.798094958E0,-1.168691032E-1,-4.746996539E0,-3.986854557E-1,4.765142665E0
3.808066958E0,-1.144998845E-1,-4.424029090E0,-4.145371842E-1,4.444882979E0
3.818037958E0,-1.257206914E-1,-4.081181694E0,-4.590964758E-1,4.108846466E0
3.828009958E0,-1.324834348E-1,-3.683393274E0,-5.210448021E-1,3.722422001E0
3.837981958E0,-1.675184892E-1,-3.278115740E0,-5.597744197E-1,3.329782673E0
3.847952958E0,-1.848220083E-1,-2.890681570E0,-5.831469101E-1,2.954701243E0
3.857924958E0,-2.265686430E-1,-2.430696318E0,-5.958961791E-1,2.512908712E0
3.867895958E0,-2.458250590E-1,-1.950665056E0,-6.011183274E-1,2.055934669E0
3.877867958E0,-2.503899803E-1,-1.514331790E0,-5.895086807E-1,1.644206921E0
3.887839958E0,-2.783644487E-1,-1.018331198E0,-5.812038803E-1,1.205107109E0
3.897810958E0,-2.093453769E-1,-5.088954574E-1,-5.270043574E-1,7.619275990E-1
3.907782958E0,-1.675728683E-1,-2.369993448E-2,-4.479809920E-1,4.788834120E-1
3.917753958E0,-9.531502381E-2,4.513220179E-1,-4.500631124E-1,6.444635930E-1
3.927725958E0,2.288483262E-2,9.717224568E-1,-3.825044558E-1,1.044546747E0
3.937696958E0,1.775746038E-1,1.472782645E0,-2.657273000E-1,1.507060867E0
3.947668958E0,2.807097669E-1,1.920187613E0,-2.043087316E-1,1.951322757E0
3.957640958E0,3.498184472E-1,2.416301642E0,-2.430003422E-1,2.453555734E0
3.967611958E0,4.546276682E-1,2.896112464E0,-2.420957049E-1,2.941558099E0
3.977583958E0,5.160409011E-1,3.309933364E0,-1.899713588E-1,3.355301209E0
3.987554958E0,4.797980312E-1,3.722125230E0,-2.208406009E-1,3.759413911E0
3.997526958E0,4.347297395E-1,4.131104636E0,-2.999545616E-1,4.164731468E0
4.007497958E0,3.867616674E-1,4.445136954E0,-3.714929428E-1,4.477369109E0
4.017469958E0,2.945977081E-1,4.786530148E0,-3.528853484E-1,4.808553498E0
4.027441958E0,1.867661344E-1,5.121600748E0,-3.394344135E-1,5.136233205E0
4.037412958E0,1.349614117E-1,5.390873800E0,-4.040753460E-1,5.407680815E0
4.047384958E0,1.562460076E-1,5.629100475E0,-3.544266744E-1,5.642411120E0
4.057355958E0,1.492091028E-1,5.900094947E0,-2.347294923E-1,5.906647245E0
4.067327958E0,2.181979883E-1,6.089932989E0,-1.742195811E-1,6.096330588E0
4.077299958E0,3.371247268E-1,6.213029743E0,-1.537162463E-1,6.224067830E0
4.087270958E0,4.835423689E-1,6.374710518E0,-5.567832034E-2,6.393265792E0
4.097242958E0,5.832816884E-1,6.476809920E0,6.260032732E-2,6.503322464E0
4.107213958E0,6.564984032E-1,6.464800324E0,6.527246833E-2,6.498376249E0
4.117185958E0,7.254327634E-1,6.498927598E0,1.832517385E-2,6.539315593E0
4.127156958E0,7.001468448E-1,6.479202601E0,3.892489633E-2,6.517038215E0
4.137128958E0,6.405322885E-1,6.367663454E0,4.367279889E-2,6.399947405E0
4.147100958E0,5.552615386E-1,6.231254345E0,-4.074051160E-2,6.256077515E0
4.157071958E0,4.417561924E-1,6.092912146E0,-8.696388423E-2,6.109524504E0
4.167043958E0,2.993567569E-1,5.872214838E0,-6.280726394E-2,5.880175705E0
4.177014958E0,1.821653259E-1,5.617384409E0,-6.852701029E-2,5.620755088E0
4.186986958E0,1.685255990E-1,5.406229758E0,-8.011911532E-2,5.409449153E0
4.196957958E0,1.294774543E-1,5.112059262E0,-5.910833359E-2,5.114040291E0
4.206929958E0,1.189379943E-1,4.763024341E0,5.530473808E-2,4.764830085E0
4.216901958E0,1.941016857E-1,4.434856380E0,1.339883802E-1,4.441123671E0
4.226872958E0,2.939879896E-1,4.093442135E0,1.604470128E-1,4.107120731E0
4.236844958E0,3.204833318E-1,3.685225207E0,2.140887845E-1,3.705324331E0
4.246815958E0,3.792740884E-1,3.278975866E0,3.151438737E-1,3.315847889E0
4.256787958E0,4.183508845E-1,2.876773383E0,3.303115511E-1,2.925738929E0
4.266759958E0,4.188948948E-1,2.406564859E0,2.900675046E-1,2.459911890E0
4.276730958E0,3.518785675E-1,1.924699325E0,3.225347543E-1,1.983006476E0
4.286702958E0,2.668870953E-1,1.469608777E0,3.401231790E-1,1.531881998E0
4.296673958E0,2.127153466E-1,9.408181679E-1,2.941593862E-1,1.008422723E0
4.306645958E0,7.780290529E-2,4.282588452E-1,2.251411915E-1,4.900484534E-1
4.316616958E0,-4.307621844E-2,-4.121468425E-2,2.381711086E-1,2.455192207E-1
4.326588958E0,-1.380029140E-1,-5.162220186E-1,2.571558666E-1,5.930085299E-1
4.336560958E0,-1.940010405E-1,-1.051390770E0,2.574669385E-1,1.099703678E0
4.346531958E0,-2.644009323E-1,-1.512442555E0,2.870818798E-1,1.561987945E0
4.356503958E0,-2.947820415E-1,-1.949835920E0,3.682436085E-1,2.006080737E0
4.366474958E0,-2.990832534E-1,-2.426035502E0,4.045501399E-1,2.477652087E0
4.376446958E0,-3.283973189E-1,-2.885993857E0,4.294884416E-1,2.936199187E0
4.386417958E0,-2.641913827E-1,-3.264055526E0,5.104011154E-1,3.314266866E0
4.396389958E0,-2.615620360E-1,-3.680749748E0,5.702017228E-1,3.733826912E0
4.406361958E0,-2.587415584E-1,-4.083469124E0,6.127694527E-1,4.137288204E0
4.416332958E0,-2.529683100E-1,-4.397419581E0,6.274881005E-1,4.449160961E0
4.426304958E0,-2.381251531E-1,-4.728478407E0,6.448484838E-1,4.778183881E0
4.436275958E0,-2.338560279E-1,-5.048054470E0,6.574199975E-1,5.096051768E0
4.446247958E0,-2.475088379E-1,-5.312309441E0,6.844516023E-1,5.361936797E0
4.456219958E0,-2.731071440E-1,-5.515452822E0,6.886417171E-1,5.564982908E0
4.466190958E0,-2.888494565E-1,-5.757524042E0,6.773741325E-1,5.804425279E0
4.476162958E0,-3.111190890E-1,-5.955312544E0,6.288071593E-1,5.996494061E0
4.486133958E0,-3.525239539E-1,-6.043569247E0,6.100469526E-1,6.084501596E0
4.496105958E0,-3.728435399E-1,-6.170381321E0,6.106153020E-1,6.211720293E0
4.506076958E0,-4.043277995E-1,-6.291492945E0,6.123661045E-1,6.334142143E0
4.516048125E0,-4.341912109E-1,-6.294510108E0,5.715244726E-1,6.335299498E0
4.526020125E0,-4.677264545E-1,-6.290825778E0,5.484314060E-1,6.331984997E0
4.535991125E0,-5.015137862E-1,-6.297512653E0,5.381530973E-1,6.340330469E0
4.545963125E0,-4.891122803E-1,-6.204813235E0,5.350295877E-1,6.247014869E0
4.555934125E0,-4.922242416E-1,-6.092042080E0,5.244075358E-1,6.134351202E0
4.565906125E0,-4.832775631E-1,-5.959452372E0,5.153677404E-1,6.001186023E0
4.575877125E0,-4.781914356E-1,-5.799511728E0,5.342144128E-1,5.843662240E0
4.585849125E0,-4.558609921E-1,-5.542991454E0,5.601703493E-1,5.589843855E0
4.595821125E0,-4.157873189E-1,-5.318137946E0,5.678604611E-1,5.364507042E0
4.605792125E0,-3.629696392E-1,-5.077352529E0,5.704250499E-1,5.122171453E0
4.615764125E0,-3.140100255E-1,-4.741258666E0,5.866710269E-1,4.787725862E0
4.625735125E0,-2.296817006E-1,-4.414937255E0,6.518136871E-1,4.468700676E0
4.635707125E0,-1.723508475E-1,-4.090598050E0,6.689588928E-1,4.148518196E0
4.645679125E0,-1.096711808E-1,-3.688824168E0,6.611598766E-1,3.749211103E0
4.655650125E0,-5.740832873E-2,-3.269029167E0,6.727689385E-1,3.338033172E0
4.665622125E0,-1.506703220E-2,-2.884311613E0,6.830857658E-1,2.964133375E0
4.675593125E0,-1.082999356E-2,-2.451276762E0,6.486877656E-1,2.535679568E0
4.685565125E0,2.851116970E-2,-1.960152163E0,6.456285024E-1,2.063939328E0
4.695536125E0,1.012481935E-2,-1.517628450E0,6.083419776E-1,1.635046968E0
4.705508125E0,-3.434069753E-3,-1.086653574E0,5.310043645E-1,1.209459969E0
4.715480125E0,-6.779890403E-2,-5.859301847E-1,5.132311678E-1,7.818677026E-1
4.725451125E0,-5.750393070E-2,-1.146492809E-1,4.416530621E-1,4.599006272E-1
4.735423125E0,-6.482150182E-2,3.212442738E-1,3.946087039E-1,5.129480867E-1
4.745394125E0,-6.598926388E-2,8.522059536E-1,3.473900986E-1,9.226534836E-1
4.755366125E0,-9.217090286E-2,1.328808993E0,3.259694088E-1,1.371307723E0
4.765338125E0,-2.342577316E-2,1.768831267E0,2.664260423E-1,1.788937018E0
4.775309125E0,5.847741902E-2,2.251424194E0,3.138072002E-1,2.273940516E0
4.785281125E0,1.391287223E-1,2.734117109E0,3.366382384E-1,2.758274546E0
4.795252125E0,2.464151162E-1,3.136101490E0,3.435905778E-1,3.164475857E0
4.805224125E0,3.778420322E-1,3.555143954E0,3.497605598E-1,3.592234066E0
4.815195125E0,4.921189917E-1,3.989104419E0,3.803777504E-1,4.037303853E0
4.825167125E0,5.131108613E-1,4.345008649E0,4.081216192E-1,4.394194598E0
4.835139125E0,5.435693731E-1,4.687223961E0,4.074480200E-1,4.736195732E0
4.845110125E0,5.603516860E-1,5.004490959E0,3.349425459E-1,5.046891150E0
4.855082125E0,5.158184145E-1,5.300533733E0,2.858002067E-1,5.333236190E0
4.865053125E0,4.238457323E-1,5.547517199E0,2.701811242E-1,5.570241477E0
4.875025125E0,3.260202795E-1,5.769195085E0,1.819887400E-1,5.781264658E0
4.884997125E0,2.601888905E-1,5.957445023E0,8.109620333E-2,5.963675549E0
4.894968125E0,1.827167914E-1,6.093298062E0,4.686717848E-2,6.096217125E0
4.904940125E0,1.806349634E-1,6.218788666E0,3.928978086E-2,6.221535594E0
4.914911125E0,2.185407814E-1,6.320688677E0,-2.994651496E-2,6.324536522E0
4.924883125E0,2.773854055E-1,6.381791496E0,-3.871560255E-2,6.387934272E0
4.934854125E0,3.412897716E-1,6.375139119E0,-1.012153029E-2,6.384275992E0
4.944826125E0,4.628914650E-1,6.362047203E0,2.917585194E-2,6.378931286E0
4.954798125E0,5.740868687E-1,6.314853156E0,3.546281476E-2,6.340993907E0
4.964769125E0,6.144100718E-1,6.210257578E0,2.239194889E-2,6.240616982E0
4.974741125E0,6.301226366E-1,6.084335450E0,5.634961724E-2,6.117137213E0
4.984712125E0,6.002402218E-1,5.905617642E0,2.185455322E-2,5.936083362E0
4.994684125E0,5.257708141E-1,5.688049765E0,-6.607295215E-2,5.712679819E0
5.004655125E0,4.077393575E-1,5.369066609E0,-1.179061800E-1,5.385817441E0
5.014627125E0,3.024679872E-1,5.114833766E0,-1.567381604E-1,5.126166032E0
5.024599125E0,1.868350585E-1,4.814333659E0,-2.390020162E-1,4.823882034E0
5.034570125E0,9.172731847E-2,4.428861814E0,-3.568660963E-1,4.444162945E0
5.044542125E0,4.197767280E-2,4.094202273E0,-3.922124418E-1,4.113159975E0
5.054513125E0,2.500890680E-2,3.722005363E0,-4.123351959E-1,3.744859100E0
5.064485125E0,2.982182309E-2,3.289756962E0,-4.756306841E-1,3.324096081E0
5.074457125E0,3.129809886E-2,2.880368251E0,-4.693747846E-1,2.918529342E0
5.084428125E0,7.556422569E-2,2.461735677E0,-4.657867869E-1,2.506553376E0
5.094400125E0,1.194243365E-1,2.010638192E0,-4.371045130E-1,2.061064887E0
5.104371125E0,1.504609186E-1,1.536242477E0,-4.310391963E-1,1.602646007E0
5.114343125E0,1.658523251E-1,1.096229559E0,-4.708348344E-1,1.204537953E0
5.124314125E0,1.441984045E-1,6.081946278E-1,-4.677936244E-1,7.807206672E-1
5.134286125E0,1.174014191E-1,1.190703607E-1,-4.690238786E-1,4.979399991E-1
5.144258125E0,5.152902648E-2,-3.547961819E-1,-5.183879004E-1,6.302869081E-1
5.154229125E0,3.376306571E-2,-8.204456323E-1,-5.781938068E-1,1.004280368E0
5.164201125E0,-8.429967351E-2,-1.339631020E0,-6.185681731E-1,1.477952736E0
5.174172125E0,-2.013361533E-1,-1.804601609E0,-7.103818110E-1,1.949811665E0
5.184144125E0,-2.523349835E-1,-2.250533078E0,-7.468508220E-1,2.384608612E0
5.194116125E0,-2.652678551E-1,-2.703882911E0,-7.646305237E-1,2.822412030E0
5.204087125E0,-4.061391938E-1,-3.132556323E0,-8.194445890E-1,3.263333817E0
5.214059125E0,-4.524766237E-1,-3.516503214E0,-8.800287598E-1,3.653078232E0
5.224030125E0,-4.096596562E-1,-3.903010016E0,-8.511535279E-1,4.015690544E0
5.234002125E0,-4.107345937E-1,-4.280129698E0,-8.594945079E-1,4.384853925E0
5.243973125E0,-4.960741214E-1,-4.598607654E0,-8.935719346E-1,4.710812318E0
5.253945125E0,-4.747445020E-1,-4.910564795E0,-8.822039972E-1,5.011717554E0
5.263917125E0,-4.044915216E-1,-5.179346681E0,-8.289047992E-1,5.260829649E0
5.273888125E0,-4.184643205E-1,-5.392442023E0,-8.048160249E-1,5.468205574E0
5.283860125E0,-4.424575659E-1,-5.622218887E0,-7.912247568E-1,5.694835426E0
5.293831125E0,-4.314888471E-1,-5.810913214E0,-7.682381827E-1,5.877336549E0
5.303803125E0,-3.618813993E-1,-5.959640653E0,-7.686020257E-1,6.019885707E0
5.313774125E0,-3.693227852E-1,-6.049535746E0,-7.298303081E-1,6.104583060E0
5.323746125E0,-4.201782124E-1,-6.144043708E0,-7.107292087E-1,6.199270830E0
5.333718125E0,-4.110384297E-1,-6.212801701E0,-6.863357945E-1,6.264097253E0
5.343689125E0,-3.762548055E-1,-6.182067567E0,-6.762480319E-1,6.230316082E0
5.353661125E0,-3.903191864E-1,-6.178295528E0,-6.707317686E-1,6.226842362E0
5.363632125E0,-4.239403841E-1,-6.152699341E0,-6.674153741E-1,6.203295730E0
5.373604125E0,-4.427334814E-1,-6.036698769E0,-6.575824770E-1,6.088526889E0
5.383576125E0,-4.184581809E-1,-5.908085752E0,-6.099387791E-1,5.954209420E0
5.393547125E0,-4.317858857E-1,-5.775467393E0,-6.385609728E-1,5.826681969E0
5.403519125E0,-4.518278021E-1,-5.557339936E0,-6.396421230E-1,5.612247106E0
5.413490125E0,-4.685185330E-1,-5.325912403E0,-6.200247876E-1,5.382312076E0
5.423462125E0,-4.783804469E-1,-5.083814871E0,-6.143208287E-1,5.143093581E0
5.433433125E0,-4.488528118E-1,-4.816456198E0,-5.983303750E-1,4.874188998E0
5.443405125E0,-4.526609572E-1,-4.469192399E0,-6.048055085E-1,4.532590026E0
5.453377125E0,-4.329915816E-1,-4.116443912E0,-5.748631597E-1,4.178882607E0
5.463348125E0,-3.892902958E-1,-3.778222833E0,-5.525046130E-1,3.838199585E0
5.473320125E0,-3.311424404E-1,-3.362129704E0,-5.059133774E-1,3.416067887E0
5.483291125E0,-2.677068749E-1,-2.952224684E0,-4.668359236E-1,3.000872096E0
5.493263125E0,-1.993309238E-1,-2.535473160E0,-4.230273779E-1,2.578237600E0
5.503235125E0,-1.237545651E-1,-2.058226342E0,-3.433895067E-1,2.090341412E0
5.513206083E0,-3.783272780E-2,-1.582040209E0,-2.771948959E-1,1.606586302E0
5.523178083E0,-1.175166093E-2,-1.148358071E0,-2.053296554E-1,1.166629602E0
5.533149083E0,-1.136230946E-2,-6.723280585E-1,-1.750533575E-1,6.948365263E-1
5.543121083E0,6.871238530E-2,-1.618240321E-1,-1.122870058E-1,2.086067614E-1
5.553092083E0,9.845907167E-2,2.862697381E-1,-4.626726329E-2,3.062437124E-1
5.563064083E0,8.376202203E-2,7.323737007E-1,-6.103086155E-2,7.396702508E-1
5.573036083E0,7.090472572E-2,1.247074274E0,-6.025087953E-2,1.250540640E0
5.583007083E0,8.457895115E-2,1.704267481E0,-3.422490438E-2,1.706708115E0
5.592979083E0,5.933381684E-2,2.137246199E0,-2.754623294E-2,2.138247088E0
5.602950083E0,6.254211098E-2,2.625341356E0,-5.042638779E-2,2.626570306E0
5.612922083E0,1.017498115E-1,3.057121979E0,-8.162128329E-2,3.059903569E0
5.622893083E0,1.364428769E-1,3.453214706E0,-6.683485349E-2,3.456555419E0
5.632865083E0,1.744722173E-1,3.867440819E0,-2.117335260E-2,3.871432209E0
5.642837083E0,2.475328115E-1,4.242622148E0,-3.641704381E-2,4.249993104E0
5.652808083E0,3.645698029E-1,4.588220075E0,2.052372694E-3,4.602681698E0
5.662780083E0,4.427144779E-1,4.931460405E0,1.600341994E-1,4.953878156E0
5.672751083E0,4.813439620E-1,5.208523702E0,1.599979466E-1,5.233164483E0
5.682723083E0,5.511876373E-1,5.474881332E0,2.172953975E-1,5.506845803E0
5.692695083E0,6.124898462E-1,5.745004569E0,2.940137905E-1,5.785038065E0
5.702666083E0,5.888331811E-1,5.922288639E0,3.793778765E-1,5.963568966E0
5.712638083E0,5.328620980E-1,6.061750579E0,3.440045607E-1,6.094842183E0
5.722609083E0,5.068154566E-1,6.207011788E0,3.254922760E-1,6.236168894E0
5.732581083E0,4.720562081E-1,6.283196331E0,3.499944484E-1,6.310617189E0
5.742552083E0,3.921972756E-1,6.316941197E0,3.414516664E-1,6.338308452E0
5.752524083E0,3.795104256E-1,6.331869723E0,2.633831513E-1,6.348698531E0
5.762496083E0,3.975038796E-1,6.325578119E0,2.334395599E-1,6.342353026E0
5.772467083E0,4.015272025E-1,6.248311842E0,2.527611176E-1,6.266299798E0
5.782439083E0,4.061386822E-1,6.172250676E0,2.541457017E-1,6.190817157E0
5.792410083E0,4.973949709E-1,6.036830331E0,2.429903837E-1,6.062158570E0
5.802382083E0,5.792161924E-1,5.839946394E0,3.047814381E-1,5.876508913E0
5.812354083E0,5.812492328E-1,5.664917595E0,3.841398489E-1,5.707600674E0
5.822325083E0,6.147408780E-1,5.423555058E0,3.968821013E-1,5.472693232E0
5.832297083E0,6.382026116E-1,5.136865489E0,4.064458072E-1,5.192291192E0
5.842268083E0,6.104761017E-1,4.849833274E0,4.817719781E-1,4.911788686E0
5.852240083E0,5.297086580E-1,4.503525496E0,4.929319739E-1,4.561284368E0
5.862212083E0,4.554049093E-1,4.125234616E0,4.551531136E-1,4.175178874E0
5.872183083E0,3.945316668E-1,3.744694313E0,4.559132151E-1,3.792920721E0
5.882155083E0,2.877107113E-1,3.342763141E0,4.619837944E-1,3.386778986E0
5.892126083E0,2.268741966E-1,2.912681719E0,4.323747003E-1,2.953326020E0
5.902098083E0,2.158502582E-1,2.449489853E0,3.633261001E-1,2.485678525E0
5.912069083E0,1.633713515E-1,2.015008986E0,3.292532051E-1,2.048257573E0
5.922041083E0,1.418532690E-1,1.556483783E0,3.419615436E-1,1.599906814E0
5.932013083E0,1.563892644E-1,1.083270375E0,3.394121575E-1,1.145920119E0
5.941984083E0,1.686706831E-1,5.990870047E-1,3.289350800E-1,7.039554853E-1
5.951956083E0,1.599211288E-1,1.343046963E-1,3.252653674E-1,3.865359985E-1
5.961927083E0,1.698163719E-1,-3.593207574E-1,3.667981768E-1,5.408233624E-1
5.971899083E0,1.810276039E-1,-8.346847719E-1,3.872306871E-1,9.377725027E-1
5.981871083E0,1.922931054E-1,-1.293701726E0,3.808910994E-1,1.362247710E0
5.991842083E0,1.409013788E-1,-1.776595200E0,3.871043873E-1,1.823730657E0
6.001814083E0,7.555417579E-2,-2.242185593E0,3.943455791E-1,2.277852740E0
6.011785083E0,4.445513807E-2,-2.682839366E0,4.016698015E-1,2.713105592E0
6.021757083E0,2.155386016E-2,-3.121864690E0,3.661046970E-1,3.143332047E0
6.031728083E0,-5.471791517E-2,-3.527469667E0,3.389467192E-1,3.544138990E0
6.041700083E0,-1.236013681E-1,-3.908625682E0,3.304974926E-1,3.924520431E0
6.051672083E0,-1.636588518E-1,-4.272366934E0,2.911597645E-1,4.285402834E0
6.061643083E0,-1.731345206E-1,-4.638602609E0,2.673861186E-1,4.649527402E0
6.071615083E0,-2.142924503E-1,-4.939935359E0,2.420033920E-1,4.950499798E0
6.081586083E0,-2.785344930E-1,-5.211084782E0,2.139379263E-1,5.222906807E0
6.091558083E0,-3.041211047E-1,-5.472584546E0,2.000566363E-1,5.484678105E0
6.101529083E0,-2.898100079E-1,-5.698230937E0,1.846807981E-1,5.708584119E0
6.111501083E0,-3.079483997E-1,-5.865378858E0,1.583882082E-1,5.875592582E0
6.121473083E0,-3.719710257E-1,-6.011309574E0,1.383287501E-1,6.024395412E0
6.131444083E0,-3.817595936E-1,-6.144139602E0,1.019052561E-1,6.156831695E0
6.141416083E0,-3.380597696E-1,-6.214351214E0,8.520443877E-2,6.224122847E0
6.151387083E0,-3.371828335E-1,-6.277436823E0,8.412856023E-2,6.287048827E0
6.161359083E0,-3.657129335E-1,-6.270830054E0,5.228580236E-2,6.281702741E0
6.171331083E0,-3.744888002E-1,-6.247861606E0,2.342160702E-2,6.259118555E0
6.181302083E0,-3.035774964E-1,-6.188360340E0,1.106176371E-2,6.195811921E0
6.191274083E0,-2.867009702E-1,-6.097695753E0,8.418819954E-3,6.104437879E0
6.201245083E0,-3.259169300E-1,-5.960755132E0,-9.021084309E-3,5.969665398E0
6.211217083E0,-3.285383099E-1,-5.784165126E0,7.625938654E-3,5.793493055E0
6.221188083E0,-2.813349804E-1,-5.597438972E0,-1.083138227E-2,5.604515120E0
6.231160083E0,-2.606393453E-1,-5.354617555E0,-3.281457424E-2,5.361057621E0
6.241132083E0,-2.655952261E-1,-5.098799531E0,-1.679435452E-2,5.105739861E0
6.251103083E0,-2.680595351E-1,-4.804113895E0,-4.809919596E-3,4.811589069E0
6.261075083E0,-2.443647900E-1,-4.491231725E0,-3.554522395E-3,4.497876075E0
6.271046083E0,-2.499594790E-1,-4.129559217E0,-2.416012863E-2,4.137187786E0
6.281018083E0,-2.721878886E-1,-3.768784842E0,-2.478868604E-2,3.778682298E0
6.290990083E0,-2.651137079E-1,-3.405621294E0,-1.528637588E-2,3.415958921E0
6.300961083E0,-2.588242965E-1,-2.977331459E0,-4.177894056E-2,2.988852307E0
6.310933083E0,-2.262808869E-1,-2.524872742E0,-6.552567104E-2,2.535838918E0
6.320904083E0,-2.316986246E-1,-2.097189263E0,-7.135529023E-2,2.111155758E0
6.330876083E0,-2.009728219E-1,-1.630994267E0,-8.762873093E-2,1.645664355E0
6.340847083E0,-1.898054440E-1,-1.149362622E0,-1.023765965E-1,1.169419306E0
6.350819083E0,-1.061075221E-1,-6.799849874E-1,-1.542022047E-1,7.052777533E-1
6.360791083E0,-9.982746631E-2,-2.185408545E-1,-1.804532794E-1,3.004813042E-1
6.370762083E0,-4.717767477E-2,2.805575931E-1,-1.997210062E-1,3.476014619E-1
6.380734083E0,-3.046399355E-3,7.658887714E-1,-1.966354670E-1,7.907340878E-1
6.390705083E0,1.033883476E-1,1.249901403E0,-1.792914559E-1,1.266920713E0
6.400677083E0,1.092539819E-1,1.710148610E0,-1.760070749E-1,1.722650049E0
6.410649083E0,1.106456923E-1,2.164808219E0,-1.571936220E-1,2.173326236E0
6.420620083E0,1.765580653E-1,2.608237081E0,-1.318266829E-1,2.617527783E0
6.430592083E0,2.002647241E-1,3.060563065E0,-1.232773958E-1,3.069584590E0
6.440563083E0,1.549675870E-1,3.476486040E0,-9.285257857E-2,3.481176775E0
6.450535083E0,1.470112807E-1,3.857653749E0,-1.047721277E-1,3.861875446E0
6.460506083E0,1.708769837E-1,4.229919657E0,-8.574594576E-2,4.234238021E0
6.470478083E0,1.128702655E-1,4.576228021E0,-8.011153221E-2,4.578320702E0
6.480450083E0,1.327154962E-1,4.882204045E0,-5.230334401E-2,4.884287602E0
6.490421083E0,1.780432581E-1,5.180754690E0,-9.780641276E-2,5.184735736E0
6.500393083E0,2.022554087E-1,5.480844907E0,-1.302326953E-1,5.486121463E0
6.510364083E0,2.307825851E-1,5.696779658E0,-1.382059586E-1,5.703127208E0
6.520336250E0,3.057938835E-1,5.881054659E0,-1.249713342E-1,5.890325257E0
6.530308250E0,3.669755667E-1,6.092922086E0,-1.635764791E-1,6.106154918E0
6.540279250E0,3.551078385E-1,6.193401809E0,-1.598664208E-1,6.205633313E0
6.550251250E0,4.059658239E-1,6.279944109E0,-1.453383557E-1,6.294730296E0
6.560222250E0,4.185524672E-1,6.358687978E0,-1.273336458E-1,6.373720485E0
6.570194250E0,4.175245267E-1,6.353351224E0,-1.167969998E-1,6.368126887E0
6.580166250E0,3.734631255E-1,6.301847194E0,-8.729838151E-2,6.313507248E0
6.590137250E0,3.319136882E-1,6.264684631E0,-6.496903438E-2,6.273807551E0
6.600109250E0,3.262417428E-1,6.153471174E0,-4.953940172E-2,6.162312497E0
6.610080250E0,2.567274850E-1,5.984553884E0,-6.016313475E-2,5.990360072E0
6.620052250E0,2.376010233E-1,5.831456237E0,-5.134034414E-2,5.836520532E0
6.630023250E0,2.227980660E-1,5.628431554E0,-5.796812654E-2,5.633137761E0
6.639995250E0,2.400062755E-1,5.382984737E0,-8.914427441E-2,5.389069900E0
6.649967250E0,2.240166257E-1,5.119146672E0,-1.225125800E-1,5.125510260E0
6.659938250E0,2.493440596E-1,4.826203507E0,-1.071385324E-1,4.833827822E0
6.669910250E0,2.745631007E-1,4.466118518E0,-1.086050141E-1,4.475868023E0
6.679881250E0,2.822912195E-1,4.120752141E0,-1.336041999E-1,4.132570220E0
6.689853250E0,2.817782725E-1,3.741554359E0,-1.228832934E-1,3.754161467E0
6.699825250E0,2.880975777E-1,3.330314419E0,-9.074061910E-2,3.343983882E0
6.709796250E0,2.669135539E-1,2.905504847E0,-7.522092104E-2,2.918708524E0
6.719768250E0,1.990698456E-1,2.468474008E0,-6.519002259E-2,2.477345852E0
6.729739250E0,1.853643376E-1,2.009391566E0,-4.790039063E-2,2.018491727E0
6.739711250E0,1.277346186E-1,1.536537761E0,-4.437916081E-2,1.542476559E0
6.749682250E0,8.890720636E-2,1.069594907E0,-1.396841347E-2,1.073374526E0
6.759654250E0,-2.326387838E-3,6.109697163E-1,-2.078392804E-2,6.113275538E-1
6.769626250E0,-1.357211843E-2,1.089973623E-1,-1.450635731E-2,1.107928778E-1
6.779597250E0,-1.495162278E-2,-3.597832721E-1,8.419972267E-3,3.601922402E-1
6.789569250E0,-5.642665431E-2,-8.543776095E-1,-7.079223990E-3,8.562681720E-1
6.799540250E0,-8.421532743E-2,-1.317501647E0,-8.753281832E-3,1.320219464E0
6.809512250E0,-6.546316065E-2,-1.781384654E0,1.936013103E-2,1.782692213E0
6.819484250E0,-6.070133440E-2,-2.229667874E0,4.623801808E-2,2.230973203E0
6.829455250E0,-1.267774294E-1,-2.665978920E0,3.228364706E-2,2.669186833E0
6.839427250E0,-9.381236248E-2,-3.089069411E0,5.130871436E-2,3.090919470E0
6.849398250E0,-1.522022925E-2,-3.505329770E0,8.144528210E-2,3.506308855E0
6.859370250E0,-7.629805125E-2,-3.873672781E0,1.069783187E-1,3.875900743E0
6.869341250E0,-1.509164898E-1,-4.240682042E0,7.982618809E-2,4.244117363E0
6.879313250E0,-1.276896682E-1,-4.582596808E0,1.196796405E-1,4.585937349E0
6.889285250E0,-8.704154257E-2,-4.858924525E0,1.749638951E-1,4.862852675E0
6.899256250E0,-1.428315082E-1,-5.155356140E0,1.944222593E-1,5.160997750E0
6.909228250E0,-2.119432949E-1,-5.406779396E0,1.941930485E-1,5.414415420E0
6.919199250E0,-2.028802202E-1,-5.618136361E0,2.447129734E-1,5.627121911E0
6.929171250E0,-2.029693537E-1,-5.813464354E0,2.649747634E-1,5.823038381E0
6.939143250E0,-2.552508803E-1,-5.981203430E0,2.494691169E-1,5.991842982E0
6.949114250E0,-3.165529065E-1,-6.105362037E0,2.697320763E-1,6.119510335E0
6.959086250E0,-2.635815912E-1,-6.152874758E0,2.907224111E-1,6.165376108E0
6.969057250E0,-2.604941517E-1,-6.221648539E0,2.847886749E-1,6.233608291E0
6.979029250E0,-2.993888069E-1,-6.229797218E0,2.732146597E-1,6.242968308E0
6.989001250E0,-3.242344668E-1,-6.180061972E0,2.734064484E-1,6.194598054E0
6.998972250E0,-2.832446445E-1,-6.129239727E0,2.933384736E-1,6.142788831E0
7.008944250E0,-2.577556448E-1,-6.044886625E0,3.072127104E-1,6.058173976E0
7.018915250E0,-2.520607125E-1,-5.901274915E0,2.570482779E-1,5.912246108E0
7.028887250E0,-2.428628230E-1,-5.737683855E0,2.617354425E-1,5.748782811E0
7.038858250E0,-1.870697511E-1,-5.555791594E0,2.923479187E-1,5.566622192E0
7.048830250E0,-1.357117557E-1,-5.286761202E0,3.041920388E-1,5.297244046E0
7.058802250E0,-1.498359974E-1,-5.033738732E0,2.929630824E-1,5.044482512E0
7.068773250E0,-1.509470781E-1,-4.763355294E0,2.771603608E-1,4.773798963E0
7.078745250E0,-9.102082863E-2,-4.435031796E0,3.261799085E-1,4.447941676E0
7.088716250E0,-5.078968260E-2,-4.090043734E0,3.520456882E-1,4.105480910E0
7.098688250E0,-5.872563332E-2,-3.721788431E0,3.639541276E-1,3.740002731E0
7.108660250E0,-5.793201998E-3,-3.345672131E0,3.702223428E-1,3.366098655E0
7.118631250E0,3.781357817E-2,-2.917627294E0,4.285670300E-1,2.949177613E0
7.128603250E0,4.205047064E-2,-2.498366729E0,4.625007613E-1,2.541163416E0
7.138574250E0,4.466647837E-2,-2.067371972E0,5.150964296E-1,2.131043476E0
7.148546250E0,6.468175337E-2,-1.613971853E0,5.201121712E-1,1.696940053E0
7.158517250E0,6.378738519E-2,-1.143851622E0,5.277720602E-1,1.261351938E0
7.168489250E0,5.519245327E-2,-6.876688135E-1,5.098561915E-1,8.578391107E-1
7.178461250E0,6.082251795E-2,-2.430851269E-1,4.933237374E-1,5.533155225E-1
7.188432250E0,1.037706093E-1,2.496129584E-1,4.233442239E-1,5.022900559E-1
7.198404250E0,1.014644674E-1,7.224381119E-1,3.776915395E-1,8.215003121E-1
7.208375250E0,1.278718089E-1,1.179417896E0,3.542021048E-1,1.238077907E0
7.218347250E0,1.775452946E-1,1.661201568E0,3.314739776E-1,1.703228693E0
7.228319250E0,2.517935679E-1,2.125098608E0,2.876724486E-1,2.159212711E0
7.238290250E0,3.024614091E-1,2.551931317E0,2.632147515E-1,2.583237960E0
7.248262250E0,3.561983808E-1,2.995733231E0,2.961521355E-1,3.031336498E0
7.258233250E0,4.051681906E-1,3.400352953E0,3.055158667E-1,3.438008350E0
7.268205250E0,4.412588136E-1,3.782753255E0,2.960995106E-1,3.819896131E0
7.278176250E0,4.365410607E-1,4.168564239E0,3.528233314E-1,4.206183568E0
7.288148250E0,4.625860211E-1,4.518167508E0,4.216649401E-1,4.561318316E0
7.298120250E0,4.562865964E-1,4.826519256E0,4.435884905E-1,4.868290905E0
7.308091250E0,4.168679575E-1,5.109506952E0,4.393258703E-1,5.145274279E0
7.318063250E0,4.211777940E-1,5.382294180E0,4.367577732E-1,5.416386132E0
7.328034250E0,3.893090069E-1,5.589962722E0,4.145196426E-1,5.618814045E0
7.338006250E0,3.534151427E-1,5.805275329E0,3.258723450E-1,5.825145208E0
7.347978250E0,3.302944480E-1,5.937329432E0,2.472027361E-1,5.951645520E0
7.357949250E0,3.577347732E-1,6.076817100E0,1.953882194E-1,6.090472625E0
7.367921250E0,3.879310374E-1,6.184332193E0,1.342181575E-1,6.197940761E0
7.377892250E0,4.150654071E-1,6.222402245E0,7.431109428E-2,6.236673082E0
7.387864250E0,4.721486306E-1,6.242014976E0,5.318861246E-2,6.260072229E0
7.397836250E0,4.886843372E-1,6.239718189E0,9.089438260E-2,6.259485382E0
7.407807250E0,5.153230823E-1,6.152176015E0,8.886949182E-2,6.174360322E0
7.417779250E0,5.178015708E-1,6.065436080E0,1.138435346E-1,6.088562528E0
7.427750250E0,4.999174963E-1,5.946897231E0,1.487116510E-1,5.969725231E0
7.437722250E0,4.387683383E-1,5.772052034E0,1.649552161E-1,5.791054529E0
7.447693250E0,3.990524416E-1,5.536290545E0,1.608259124E-1,5.552983056E0
7.457665250E0,3.577525342E-1,5.319469941E0,1.356226587E-1,5.333211119E0
7.467637250E0,2.832216576E-1,5.063412182E0,9.363029480E-2,5.072191249E0
7.477608250E0,2.255461112E-1,4.740016133E0,2.426711440E-2,4.745441273E0
7.487580250E0,1.841399306E-1,4.416970332E0,-6.028828343E-2,4.421218056E0
7.497551250E0,1.795859729E-1,4.068679762E0,-1.279797632E-1,4.074651512E0
7.507523250E0,1.404898079E-1,3.664157689E0,-1.872488586E-1,3.671627853E0
7.517495500E0,1.406862744E-1,3.293164719E0,-2.469349337E-1,3.305405173E0
7.527466500E0,1.504132638E-1,2.900299070E0,-3.019940704E-1,2.919856035E0
7.537438500E0,1.400992870E-1,2.460546938E0,-3.487963174E-1,2.489091785E0
7.547409500E0,1.422758400E-1,2.018900308E0,-3.460920167E-1,2.053285307E0
7.557381500E0,1.240419558E-1,1.592187467E0,-3.197825064E-1,1.628713660E0
7.567353500E0,1.217203188E-1,1.119478088E0,-3.409102873E-1,1.176548703E0
7.577324500E0,8.522696882E-2,6.491017485E-1,-3.311617362E-1,7.336653267E-1
7.587296500E0,3.368098542E-2,1.974821073E-1,-3.105982848E-1,3.696009821E-1
7.597267500E0,-1.510723181E-2,-2.938810587E-1,-2.958176565E-1,4.172557861E-1
7.607239500E0,-6.757985272E-2,-7.823995543E-1,-3.589448180E-1,8.634567050E-1
7.617210500E0,-1.142921622E-1,-1.227510660E0,-4.012307487E-1,1.296468755E0
7.627182500E0,-1.707412552E-1,-1.670361232E0,-4.385120109E-1,1.735382380E0
7.637154500E0,-2.206721646E-1,-2.147532036E0,-4.611419050E-1,2.207542051E0
7.647125500E0,-2.529808816E-1,-2.571084457E0,-5.583664101E-1,2.643151085E0
7.657097500E0,-3.126888471E-1,-2.970914140E0,-6.219496179E-1,3.051381076E0
7.667068500E0,-3.071876404E-1,-3.377145354E0,-6.829945493E-1,3.459184376E0
7.677040500E0,-3.324630341E-1,-3.758479124E0,-6.901007435E-1,3.835744521E0
7.687012500E0,-3.586364870E-1,-4.102786571E0,-7.546222832E-1,4.186995649E0
7.696983500E0,-3.695762620E-1,-4.451433821E0,-7.950967830E-1,4.536962483E0
7.706955500E0,-3.482061506E-1,-4.746611207E0,-8.111802075E-1,4.827999462E0
7.716926500E0,-3.515264189E-1,-5.007732071E0,-7.961943054E-1,5.082802051E0
7.726898500E0,-3.469409593E-1,-5.228731679E0,-7.877076566E-1,5.299102410E0
7.736870500E0,-3.476098077E-1,-5.453132613E0,-7.900331674E-1,5.521018048E0
7.746841500E0,-3.492101906E-1,-5.636083805E0,-7.665489221E-1,5.698682801E0
7.756813500E0,-3.712048578E-1,-5.790671908E0,-7.910657126E-1,5.856232505E0
7.766784500E0,-3.570684099E-1,-5.910071467E0,-7.614581899E-1,5.969611475E0
7.776756500E0,-3.617617507E-1,-5.989128746E0,-7.589153820E-1,6.047849804E0
7.786727500E0,-3.519839635E-1,-6.038582742E0,-7.420690421E-1,6.094180888E0
7.796699500E0,-3.839884792E-1,-6.072226451E0,-7.261243428E-1,6.127531133E0
7.806671500E0,-3.938123862E-1,-6.061496810E0,-7.122358900E-1,6.115890102E0
7.816642500E0,-3.870479617E-1,-5.981922053E0,-6.790026551E-1,6.032764057E0
7.826614500E0,-3.945254541E-1,-5.880447718E0,-6.811129153E-1,5.932893940E0
7.836585500E0,-4.433170335E-1,-5.792788015E0,-6.772366498E-1,5.849065948E0
7.846557500E0,-3.885827096E-1,-5.616158833E0,-6.549384391E-1,5.667555109E0
7.856529500E0,-3.801181340E-1,-5.423974303E0,-6.493660426E-1,5.475916662E0
7.866500500E0,-3.835464296E-1,-5.230635533E0,-6.534614325E-1,5.285231100E0
7.876472500E0,-3.784496310E-1,-4.972254674E0,-6.618912902E-1,5.030371830E0
7.886443500E0,-3.598250066E-1,-4.691124639E0,-6.818408205E-1,4.754054198E0
7.896415500E0,-3.414303240E-1,-4.384949225E0,-7.032791251E-1,4.454094285E0
7.906386500E0,-2.938994043E-1,-4.048811508E0,-6.839190672E-1,4.116673023E0
7.916358500E0,-2.668306696E-1,-3.679543467E0,-6.620311848E-1,3.748136073E0
7.926330500E0,-2.320185404E-1,-3.324611045E0,-6.680777174E-1,3.398999712E0
7.936301500E0,-1.530835410E-1,-2.945392213E0,-6.760169937E-1,3.025850101E0
7.946273500E0,-8.626850411E-2,-2.507055691E0,-6.205462861E-1,2.584153283E0
7.956244500E0,-6.045677461E-2,-2.074251221E0,-5.342373631E-1,2.142797869E0
7.966216500E0,-8.608563244E-2,-1.633697435E0,-5.276445544E-1,1.718949337E0
7.976188500E0,-3.783886738E-2,-1.178118644E0,-4.802237085E-1,1.272796186E0
7.986159500E0,2.093464002E-2,-7.058805513E-1,-3.875195396E-1,8.055290221E-1
7.996131500E0,-6.582210660E-3,-2.562629968E-1,-2.738508733E-1,3.751111166E-1
8.006102500E0,-1.947956041E-2,1.875406712E-1,-2.664120090E-1,3.263836932E-1
8.016074500E0,2.420732662E-2,6.659002143E-1,-2.409094510E-1,7.085523648E-1
8.026046500E0,8.128726110E-2,1.146339612E0,-1.772144884E-1,1.162801402E0
8.036017500E0,1.082451180E-2,1.573253013E0,-1.596050503E-1,1.581365228E0
8.045989500E0,5.223244652E-2,2.030616959E0,-1.951215498E-1,2.040638596E0
8.055960500E0,1.253211804E-1,2.467361283E0,-2.191501343E-1,2.480242706E0
8.065932500E0,1.696047027E-1,2.893246159E0,-1.723981369E-1,2.903336048E0
8.075904500E0,1.558345098E-1,3.310023996E0,-1.937778596E-1,3.319351308E0
8.085875500E0,2.459102091E-1,3.719969362E0,-2.214796650E-1,3.734661581E0
8.095847500E0,3.640105167E-1,4.057796339E0,-2.344639921E-1,4.080831797E0
8.105818500E0,3.881212181E-1,4.386782911E0,-1.721122080E-1,4.407280908E0
8.115790500E0,4.050429140E-1,4.744741852E0,-1.063444440E-1,4.763186344E0
8.125761500E0,4.554049093E-1,5.018611985E0,-9.922609845E-2,5.040208895E0
8.135733500E0,4.904618908E-1,5.261627530E0,-2.240245560E-2,5.284484743E0
8.145705500E0,3.997182202E-1,5.512411101E0,1.152100472E-1,5.528085035E0
8.155676500E0,4.052369685E-1,5.691214278E0,1.591647367E-1,5.707842882E0
8.165648500E0,4.180543575E-1,5.835836971E0,1.602300811E-1,5.852985245E0
8.175619500E0,3.439823413E-1,5.996520211E0,2.255487424E-1,6.010611510E0
8.185591500E0,3.058470201E-1,6.074153109E0,2.728790295E-1,6.087966931E0
8.195563500E0,3.698293734E-1,6.120803365E0,2.343657589E-1,6.136443180E0
8.205534500E0,4.013563907E-1,6.169459215E0,1.672520024E-1,6.184762501E0
8.215506500E0,3.511839914E-1,6.165087837E0,1.771180093E-1,6.177621632E0
8.225477500E0,4.343917704E-1,6.074953008E0,1.805210888E-1,6.093138610E0
8.235449500E0,4.883338697E-1,6.017723384E0,1.287545192E-1,6.038877580E0
8.245421500E0,4.886071540E-1,5.892924507E0,1.329855645E-1,5.914641270E0
8.255392500E0,4.821569442E-1,5.722044892E0,1.870021427E-1,5.745367078E0
8.265364500E0,5.366576719E-1,5.511520570E0,2.395604253E-1,5.542765523E0
8.275335500E0,5.285374242E-1,5.312795929E0,2.611097538E-1,5.345402763E0
8.285307500E0,4.282011040E-1,5.028145285E0,2.936588645E-1,5.054882464E0
8.295278500E0,4.219116926E-1,4.740230141E0,3.885568357E-1,4.774805512E0
8.305250500E0,3.858508904E-1,4.444948089E0,4.263859820E-1,4.481991681E0
8.315222500E0,2.960384620E-1,4.079069679E0,4.308743048E-1,4.112432478E0
8.325193500E0,2.063543800E-1,3.708441576E0,4.555249965E-1,3.742008027E0
8.335165500E0,2.321341690E-1,3.321074649E0,4.930956960E-1,3.365496466E0
8.345136500E0,2.216002639E-1,2.911439186E0,4.747483027E-1,2.958203975E0
8.355108500E0,1.536004349E-1,2.486230248E0,4.014266304E-1,2.523108654E0
8.365080500E0,1.517272063E-1,2.058364336E0,4.113060129E-1,2.104532613E0
8.375051500E0,1.928279429E-1,1.632103484E0,4.277086222E-1,1.698198771E0
8.385023500E0,1.508686157E-1,1.162407176E0,3.749889565E-1,1.230678065E0
8.394994500E0,1.116328485E-1,7.021710777E-1,3.650849426E-1,7.992453507E-1
8.404966500E0,1.535467136E-1,2.554022866E-1,3.967710042E-1,4.962198616E-1
8.414938500E0,1.585851131E-1,-2.284898919E-1,4.293142676E-1,5.115345631E-1
8.424909500E0,9.369454108E-2,-6.980973226E-1,4.045115483E-1,8.122488113E-1
8.434881500E0,2.938679025E-2,-1.143246435E0,4.325384223E-1,1.222687810E0
8.444852500E0,2.352217913E-2,-1.595475356E0,4.896750748E-1,1.669094540E0
8.454824500E0,-2.970539041E-2,-2.066222409E0,5.062589844E-1,2.127546853E0
8.464796500E0,-1.150748120E-1,-2.484981868E0,5.081417878E-1,2.539012637E0
8.474767500E0,-1.294322115E-1,-2.913409697E0,5.320580328E-1,2.964421447E0
8.484739500E0,-1.331764761E-1,-3.335292154E0,5.639662886E-1,3.385257405E0
8.494710500E0,-2.062163857E-1,-3.702732355E0,5.514100142E-1,3.749240602E0
8.504682500E0,-2.750110705E-1,-4.057976434E0,4.961818929E-1,4.097438260E0
8.514653500E0,-2.484930705E-1,-4.404828588E0,5.123927136E-1,4.441487363E0
8.524625750E0,-2.056801229E-1,-4.694173377E0,5.360364783E-1,4.729154588E0
8.534597750E0,-2.743591060E-1,-4.948955859E0,5.243455553E-1,4.984212603E0
8.544568750E0,-3.229116073E-1,-5.226857062E0,4.408473523E-1,5.255345188E0
8.554540750E0,-2.963698529E-1,-5.438292965E0,4.348469762E-1,5.463694478E0
8.564511750E0,-2.614825869E-1,-5.607648211E0,4.523651977E-1,5.631938021E0
8.574483750E0,-2.926347247E-1,-5.765040053E0,4.289692819E-1,5.788379440E0
8.584455750E0,-3.647062623E-1,-5.917092218E0,3.898163259E-1,5.941123441E0
8.594426750E0,-3.245383758E-1,-5.999808100E0,3.257073804E-1,6.017400410E0
8.604398750E0,-2.830118888E-1,-6.047724863E0,3.196707880E-1,6.062776688E0
8.614369750E0,-3.073507047E-1,-6.092494655E0,3.193468523E-1,6.108595418E0
8.624341750E0,-3.379745465E-1,-6.070347741E0,2.920847575E-1,6.086761207E0
8.634313750E0,-3.152632300E-1,-6.012564386E0,2.789601338E-1,6.027282983E0
8.644284750E0,-2.806465439E-1,-5.945420809E0,2.609483707E-1,5.957758398E0
8.654256750E0,-3.014912830E-1,-5.820763434E0,2.503871298E-1,5.833941863E0
8.664227750E0,-3.250678412E-1,-5.658466362E0,2.628942875E-1,5.673889678E0
8.674199750E0,-3.017524342E-1,-5.472286922E0,2.551175272E-1,5.486534757E0
8.684171750E0,-2.879242808E-1,-5.277137269E0,2.459561280E-1,5.290706245E0
8.694142750E0,-3.111278598E-1,-5.011895288E0,2.438604859E-1,5.027460876E0
8.704114750E0,-3.129546031E-1,-4.745404342E0,2.720183194E-1,4.763485795E0
8.714085750E0,-2.861288202E-1,-4.468127621E0,2.985541534E-1,4.487222830E0
8.724057750E0,-2.496651448E-1,-4.118856474E0,2.730579543E-1,4.135440966E0
8.734028750E0,-2.131172696E-1,-3.765389948E0,2.571453416E-1,3.780172504E0
8.744000750E0,-2.105683221E-1,-3.403750770E0,2.603776824E-1,3.420183454E0
8.753972750E0,-1.616043229E-1,-2.994930993E0,2.647490609E-1,3.010949963E0
8.763943750E0,-1.124507278E-1,-2.564236783E0,2.397206390E-1,2.577871492E0
8.773915750E0,-9.141244590E-2,-2.151494694E0,1.923792422E-1,2.162011893E0
8.783886750E0,-5.725366987E-2,-1.725438495E0,1.436339289E-1,1.732352934E0
8.793858750E0,-3.398935296E-2,-1.229663604E0,1.159040934E-1,1.235581489E0
8.803830750E0,-6.545153931E-3,-7.861470348E-1,3.727132201E-2,7.870572729E-1
8.813801750E0,3.757742375E-2,-3.494968504E-1,1.346964598E-2,3.517691609E-1
8.823773750E0,2.729487576E-2,1.449881440E-1,-2.033486187E-2,1.489297780E-1
8.833744750E0,6.012801491E-2,6.263250893E-1,-2.799648682E-2,6.298271977E-1
8.843716750E0,1.066073129E-1,1.063533098E0,-1.803104063E-2,1.069014915E0
8.853688750E0,1.493758947E-1,1.525198256E0,-7.135357261E-3,1.532512248E0
8.863659750E0,1.283520846E-1,1.984430387E0,2.983189126E-2,1.988800684E0
8.873631750E0,1.390360440E-1,2.386101358E0,1.555593252E-2,2.390199301E0
8.883602750E0,1.433628374E-1,2.823602897E0,4.280044913E-2,2.827563987E0
8.893574750E0,1.660495955E-1,3.278384712E0,6.338264823E-2,3.283199073E0
8.903546750E0,1.790264674E-1,3.634583641E0,6.743476868E-2,3.639614838E0
8.913517750E0,2.032673424E-1,3.962023625E0,1.334864516E-2,3.967256861E0
8.923489750E0,2.903815001E-1,4.346600845E0,1.744520444E-2,4.356324673E0
8.933460750E0,3.225188937E-1,4.675785638E0,8.151018620E-4,4.686895607E0
8.943432750E0,3.067050990E-1,4.937561975E0,-3.719117861E-2,4.947218355E0
8.953403750E0,3.518846340E-1,5.228151636E0,-9.325550655E-2,5.240809948E0
8.963375750E0,4.138445815E-1,5.506229424E0,-1.025368102E-1,5.522711618E0
8.973347750E0,4.192517211E-1,5.660501193E0,-1.078489874E-1,5.677030664E0
8.983318750E0,3.832989462E-1,5.837378297E0,-1.497729206E-1,5.851865975E0
8.993290750E0,3.800467980E-1,5.984167968E0,-1.480731350E-1,5.998051975E0
9.003261750E0,3.945016998E-1,6.056442477E0,-1.376007352E-1,6.070836930E0
9.013233750E0,3.456728444E-1,6.124588267E0,-1.102966136E-1,6.135326927E0
9.023205750E0,3.170715545E-1,6.151451545E0,-1.167443017E-1,6.160723961E0
9.033176750E0,3.417766985E-1,6.134646063E0,-1.113789697E-1,6.145168745E0
9.043148750E0,2.980971935E-1,6.072074423E0,-8.335735817E-2,6.079958733E0
9.053119750E0,2.779565323E-1,6.004995750E0,-7.456486344E-2,6.011887700E0
9.063091750E0,3.317386372E-1,5.874518057E0,-1.213583761E-1,5.885128782E0
9.073063750E0,3.464747170E-1,5.717365365E0,-1.110567516E-1,5.728930533E0
9.083034750E0,3.149547894E-1,5.542924796E0,-1.418850267E-1,5.553678346E0
9.093006750E0,3.031684837E-1,5.320951041E0,-1.777582429E-1,5.332544337E0
9.102977750E0,3.542009354E-1,5.073309764E0,-2.469396114E-1,5.091650954E0
9.112949750E0,3.164426134E-1,4.769818221E0,-2.596958606E-1,4.787352476E0
9.122921750E0,2.707350748E-1,4.458797804E0,-2.816603780E-1,4.475880685E0
9.132892750E0,2.832907279E-1,4.114985617E0,-2.854330381E-1,4.134589736E0
9.142864750E0,2.224964228E-1,3.754407123E0,-3.064503065E-1,3.773458532E0
9.152835750E0,1.770619491E-1,3.346546875E0,-2.931372563E-1,3.364023836E0
9.162807750E0,1.469308814E-1,2.959208599E0,-2.649607666E-1,2.974677869E0
9.172779750E0,1.276537809E-1,2.535044559E0,-2.732445170E-1,2.552921653E0
9.182750750E0,7.236747980E-2,2.072268430E0,-2.470412799E-1,2.088196086E0
9.192722750E0,1.492092490E-2,1.652111487E0,-2.423459657E-1,1.669858247E0
9.202693750E0,2.277782857E-3,1.192812697E0,-2.351054682E-1,1.215763916E0
9.212665750E0,2.519053593E-3,7.389874864E-1,-2.427038884E-1,7.778264768E-1
9.222637750E0,-4.721926309E-2,2.541398728E-1,-2.498327406E-1,3.594901001E-1
9.232608750E0,-5.912331708E-2,-1.908624744E-1,-2.328390509E-1,3.068192862E-1
9.242580750E0,-4.187490799E-2,-6.589069444E-1,-2.774228277E-1,7.161531223E-1
9.252551750E0,-5.789408617E-2,-1.129476242E0,-2.754610869E-1,1.164021957E0
9.262523750E0,-8.503634959E-2,-1.573602676E0,-2.893623304E-1,1.602244402E0
9.272494750E0,-1.481128230E-1,-2.018716705E0,-3.185282056E-1,2.049052162E0
9.282466750E0,-1.204607555E-1,-2.459805511E0,-3.338988179E-1,2.485285168E0
9.292438750E0,-9.051380195E-2,-2.873555660E0,-3.066192545E-1,2.891285224E0
9.302409750E0,-2.037107807E-1,-3.269626168E0,-3.004557045E-1,3.289715336E0
9.312381750E0,-2.627124757E-1,-3.667222214E0,-3.340151775E-1,3.691761470E0
9.322352750E0,-2.389655442E-1,-4.003884426E0,-2.891383821E-1,4.021417167E0
9.332324750E0,-2.247292551E-1,-4.326497533E0,-2.398762115E-1,4.338965861E0
9.342296750E0,-3.095389520E-1,-4.657903098E0,-2.342020369E-1,4.674048163E0
9.352267750E0,-3.628617581E-1,-4.958203815E0,-2.437172109E-1,4.977434260E0
9.362239750E0,-3.068326414E-1,-5.188703395E0,-2.087485589E-1,5.201957819E0
9.372210750E0,-2.986664931E-1,-5.419688294E0,-1.415552803E-1,5.429756972E0
9.382182750E0,-3.764864284E-1,-5.616372256E0,-1.054077566E-1,5.629963601E0
9.392154750E0,-4.125649184E-1,-5.773527871E0,-9.796193043E-2,5.789078548E0
9.402125750E0,-3.624039211E-1,-5.890586790E0,-1.240118426E-1,5.903027043E0
9.412097750E0,-3.126164878E-1,-5.972581125E0,-9.230533401E-2,5.981469271E0
9.422068750E0,-3.706676448E-1,-6.051950646E0,-6.884160876E-2,6.063682074E0
9.432040750E0,-3.799685184E-1,-6.064056137E0,-4.656547129E-2,6.076127158E0
9.442012750E0,-3.253677303E-1,-6.027770655E0,-3.636441886E-2,6.036655167E0
9.451983750E0,-2.877357812E-1,-6.000689276E0,-6.741371870E-2,6.007962073E0
9.461955750E0,-3.157812202E-1,-5.919320008E0,-7.534371257E-2,5.928215904E0
9.471926750E0,-3.299330901E-1,-5.791022741E0,-4.209411005E-2,5.800566536E0
9.481898750E0,-2.750170639E-1,-5.654594920E0,-2.885016203E-2,5.661352350E0
9.491870750E0,-2.566050589E-1,-5.462867643E0,-3.193690717E-2,5.468984275E0
9.501841750E0,-2.664082814E-1,-5.257291819E0,-4.941248059E-2,5.264269393E0
9.511813750E0,-2.604222309E-1,-4.999133155E0,-2.564237952E-2,5.005977385E0
9.521785000E0,-2.390332988E-1,-4.724485928E0,1.126875857E-2,4.730542377E0
9.531757000E0,-1.852557621E-1,-4.409231542E0,3.071075062E-2,4.413228482E0
9.541728000E0,-1.814223275E-1,-4.078223587E0,5.801611939E-3,4.082261058E0
9.551700000E0,-1.627840352E-1,-3.744190283E0,6.226349572E-2,3.748244424E0
9.561672000E0,-1.116714036E-1,-3.371206337E0,1.291240633E-1,3.375525988E0
9.571643000E0,-8.028121110E-2,-2.972688770E0,1.570819402E-1,2.977918456E0
9.581615000E0,-1.077504801E-1,-2.577663744E0,1.420008016E-1,2.583819802E0
9.591586000E0,-1.159692533E-1,-2.149828822E0,1.679484057E-1,2.159495195E0
9.601558000E0,3.290498681E-2,-1.697103472E0,2.862714922E-1,1.721393128E0
9.611530000E0,3.591769159E-2,-1.238018691E0,2.952890682E-1,1.273254096E0
9.621501000E0,-1.233652867E-3,-8.010626972E-1,2.768457623E-1,8.475532684E-1
9.631473000E0,8.134503890E-2,-3.283696908E-1,2.895611358E-1,4.452968903E-1
9.641444000E0,1.884641659E-1,1.372598791E-1,3.136165810E-1,3.907868678E-1
9.651416000E0,1.861210038E-1,5.723640597E-1,2.852271795E-1,6.660301711E-1
9.661388000E0,1.340107641E-1,1.059955772E0,2.204587595E-1,1.090902006E0
9.671359000E0,2.537884917E-1,1.517381113E0,1.844714677E-1,1.549478546E0
9.681331000E0,3.067904683E-1,1.948858266E0,2.088052404E-1,1.983877154E0
9.691302000E0,2.865584078E-1,2.395294935E0,1.900274738E-1,2.419847927E0
9.701274000E0,2.692520747E-1,2.811137803E0,1.739230907E-1,2.829353577E0
9.711246000E0,3.514800067E-1,3.194930327E0,1.854327500E-1,3.219550169E0
9.721217000E0,3.740038468E-1,3.612035024E0,2.474319287E-1,3.639766263E0
9.731189000E0,3.112842728E-1,3.950316330E0,2.840588876E-1,3.972730353E0
9.741160000E0,3.672777581E-1,4.300745811E0,3.091364443E-1,4.327455699E0
9.751132000E0,4.414012298E-1,4.637642496E0,3.892374516E-1,4.674833554E0
9.761104000E0,3.925990158E-1,4.916559945E0,4.172701728E-1,4.949829298E0
9.771075000E0,3.942539606E-1,5.158658062E0,4.085648382E-1,5.189808707E0
9.781047000E0,5.093955771E-1,5.425582287E0,3.885357857E-1,5.463276221E0
9.791018000E0,4.735955607E-1,5.621744093E0,3.958857358E-1,5.655530472E0
9.800990000E0,4.839677903E-1,5.767455538E0,3.547926736E-1,5.798590005E0
9.810962000E0,4.941692813E-1,5.909196138E0,2.730111766E-1,5.936104563E0
9.820933000E0,5.644357469E-1,6.025903054E0,2.123942614E-1,6.056005834E0
9.830905000E0,4.831830575E-1,6.065382870E0,2.009372270E-1,6.087915160E0
9.840876000E0,4.471648303E-1,6.084909062E0,1.641009378E-1,6.103523883E0
9.850848000E0,5.187386602E-1,6.101287698E0,1.245386767E-1,6.124566209E0
9.860820000E0,4.835308937E-1,6.015658148E0,1.683389997E-1,6.037406985E0
9.870791000E0,4.119041099E-1,5.923363357E0,2.182145798E-1,5.941676200E0
9.880763000E0,4.214693508E-1,5.809535610E0,2.374601054E-1,5.829642161E0
9.890734000E0,4.581127549E-1,5.657312121E0,2.457292378E-1,5.681146943E0
9.900706000E0,3.765481896E-1,5.443204041E0,2.930870068E-1,5.464078949E0
9.910678000E0,3.312992189E-1,5.229714012E0,3.035014826E-1,5.248979040E0
9.920649000E0,4.001188275E-1,4.990019100E0,2.561478066E-1,5.012583904E0
9.930621000E0,3.842211983E-1,4.681506554E0,2.202827400E-1,4.702409386E0
9.940592000E0,3.005424260E-1,4.381855463E0,2.010746366E-1,4.396750397E0
9.950564000E0,2.710822532E-1,4.048026811E0,1.458155251E-1,4.059712899E0
9.960536000E0,3.267780787E-1,3.680831609E0,6.309613009E-2,3.695847178E0
9.970507000E0,2.449798440E-1,3.302040793E0,-2.754043140E-3,3.311117048E0
9.980479000E0,1.729727720E-1,2.908920205E0,-1.674232344E-2,2.914106492E0
9.990450000E0,1.788530244E-1,2.485147929E0,-4.919613361E-2,2.492061173E0
1.000042200E1,1.643158961E-1,2.044889427E0,-7.479405602E-2,2.052843549E0