"Time (s)","Linear Acceleration x (m/s^2)","Linear Acceleration y (m/s^2)","Linear Acceleration z (m/s^2)","Absolute acceleration (m/s^2)"
3.293874994E-3,2.927730113E-1,-1.431713557E0,4.754148853E-1,1.536729989E0
1.326487499E-2,4.708967052E-1,-1.201614511E0,4.781958941E-1,1.376332973E0
2.323687499E-2,6.073989313E-1,-1.000401880E0,4.856463432E-1,1.267118682E0
3.320887499E-2,7.174990419E-1,-7.869913727E-1,5.287860040E-1,1.189022680E0
4.317987501E-2,7.326355098E-1,-5.944115710E-1,5.720870113E-1,1.103341948E0
5.315187501E-2,6.257120088E-1,-4.181852621E-1,5.914142152E-1,9.571651923E-1
6.312387501E-2,4.905567618E-1,-2.069674605E-1,6.360354142E-1,8.294712258E-1
7.309587501E-2,2.973310621E-1,-2.882209539E-2,6.526206759E-1,7.177396606E-1
8.306687500E-2,2.937725198E-2,1.546705484E-1,6.735209636E-1,6.916765789E-1
9.303887500E-2,-2.843928549E-1,3.551288885E-1,6.703247293E-1,8.101426208E-1
1.030108750E-1,-5.099075008E-1,5.472941226E-1,6.359886365E-1,9.818442146E-1
1.129818750E-1,-7.397444815E-1,7.505836844E-1,5.697994709E-1,1.198027213E0
1.229538750E-1,-9.637804762E-1,9.479915321E-1,5.119295045E-1,1.445556145E0
1.329258750E-1,-1.026094619E0,1.173036245E0,4.471728337E-1,1.621372178E0
1.428968750E-1,-9.692347589E-1,1.410974067E0,3.551984704E-1,1.748264794E0
1.528688750E-1,-8.891914199E-1,1.617884810E0,2.890302086E-1,1.868622782E0
1.628408750E-1,-6.547041120E-1,1.813460140E0,2.179747709E-1,1.940306201E0
1.728118750E-1,-3.330864935E-1,2.057315930E0,1.983526846E-1,2.093523163E0
1.827838750E-1,-2.155652795E-2,2.263125057E0,1.988872297E-1,2.271949788E0
1.927558750E-1,2.588837919E-1,2.449961724E0,2.066768539E-1,2.472255769E0
2.027268750E-1,5.797626513E-1,2.650867376E0,2.647081304E-1,2.726406604E0
2.126988750E-1,7.955352511E-1,2.823607575E0,3.357214316E-1,2.952684364E0
2.226708750E-1,8.586298509E-1,2.943980110E0,3.759514081E-1,3.089596021E0
2.326428750E-1,8.545724680E-1,3.073230473E0,4.161066135E-1,3.216859394E0
2.426138750E-1,7.232682703E-1,3.187760471E0,4.380874300E-1,3.298007642E0
2.525858750E-1,4.817609415E-1,3.246054872E0,4.305047973E-1,3.309728119E0
2.625578750E-1,1.406585001E-1,3.330196890E0,3.897017205E-1,3.355870017E0
2.725288750E-1,-1.864252783E-1,3.397049276E0,3.123699546E-1,3.416470863E0
2.825008750E-1,-4.970418722E-1,3.447725925E0,2.174158867E-1,3.490148184E0
2.924728750E-1,-8.287093560E-1,3.528642619E0,8.356255889E-2,3.625611759E0
3.024438750E-1,-9.881123485E-1,3.562344800E0,-9.164962359E-3,3.696856839E0
3.124158750E-1,-1.000252191E0,3.616426283E0,-1.147668282E-1,3.753959900E0
3.223878750E-1,-9.711843668E-1,3.658445544E0,-1.500816536E-1,3.788132439E0
3.323588750E-1,-7.823255870E-1,3.684530557E0,-1.766736209E-1,3.770810565E0
3.423308750E-1,-4.527196486E-1,3.715588628E0,-1.540706241E-1,3.746237004E0
3.523028750E-1,-1.243283597E-1,3.726415917E0,-1.015029768E-1,3.729870773E0
3.622738750E-1,2.044277041E-1,3.717373783E0,-4.092934012E-2,3.723215511E0
3.722458750E-1,5.719657181E-1,3.705268877E0,4.253381610E-2,3.749396133E0
3.822178750E-1,8.165720712E-1,3.658896364E0,1.400378913E-1,3.751522779E0
3.921888750E-1,9.003272959E-1,3.589724972E0,1.776711559E-1,3.705169585E0
4.021608750E-1,9.325984445E-1,3.511865788E0,1.853374404E-1,3.638308829E0
4.121328750E-1,8.739578882E-1,3.409841815E0,1.742727542E-1,3.524371516E0
4.221048750E-1,6.722486825E-1,3.258693044E0,9.097624362E-2,3.328554540E0
4.320758750E-1,3.826269915E-1,3.135569394E0,-3.453891814E-2,3.159017533E0
4.420478750E-1,1.292437119E-1,3.011155847E0,-1.545003945E-1,3.017885658E0
4.520198750E-1,-1.642828593E-1,2.867936486E0,-2.965187377E-1,2.887900952E0
4.619908750E-1,-4.240191022E-1,2.713485208E0,-4.423962432E-1,2.781817501E0
4.719628750E-1,-5.796792188E-1,2.579190452E0,-5.390173888E-1,2.697923485E0
4.819348750E-1,-6.209409001E-1,2.406976503E0,-5.779914200E-1,2.552092782E0
4.919058750E-1,-6.045268156E-1,2.228997198E0,-5.837959510E-1,2.382162650E0
5.018778750E-1,-4.815766811E-1,2.071788374E0,-5.444699174E-1,2.195602572E0
5.118498750E-1,-2.447417162E-1,1.857496691E0,-4.611751610E-1,1.929475315E0
5.218208750E-1,1.626772139E-2,1.697713922E0,-3.362190296E-1,1.730762963E0
5.317928750E-1,2.583955129E-1,1.499118505E0,-2.278794426E-1,1.538198158E0
5.417648750E-1,5.459789376E-1,1.318256523E0,-1.160420877E-1,1.431558251E0
5.517358750E-1,7.738139413E-1,1.102717044E0,-1.207625449E-2,1.347189197E0
5.617078750E-1,9.431507684E-1,8.868875438E-1,2.004659414E-2,1.294799117E0
5.716798750E-1,1.026512622E0,7.023739761E-1,1.729058214E-3,1.243808809E0
5.816508750E-1,1.056164583E0,4.754546463E-1,-2.955595750E-2,1.158626041E0
5.916228750E-1,1.005049101E0,2.666967684E-1,-1.181237330E-1,1.046519984E0
6.015948750E-1,9.006482349E-1,5.865751326E-2,-2.491031543E-1,9.363014090E-1
6.115668750E-1,7.659756757E-1,-1.635255718E-1,-3.781219311E-1,8.697330298E-1
6.215378750E-1,6.144632815E-1,-3.648609942E-1,-4.870432796E-1,8.648120175E-1
6.315098750E-1,4.376437725E-1,-5.898215067E-1,-6.327564418E-1,9.694339565E-1
6.414818750E-1,2.834906296E-1,-7.952189898E-1,-7.705449092E-1,1.143013402E0
6.514528750E-1,1.858680021E-1,-1.025254886E0,-8.063398093E-1,1.317527375E0
6.614248750E-1,1.049276271E-1,-1.227384945E0,-8.025227469E-1,1.470213035E0
6.713968750E-1,7.601672709E-2,-1.409040393E0,-8.059983319E-1,1.625055902E0
6.813678750E-1,9.957040809E-2,-1.625030692E0,-7.453603667E-1,1.790586801E0
6.913398750E-1,1.647601383E-1,-1.823629033E0,-6.123777258E-1,1.930744735E0
7.013118750E-1,2.515828854E-1,-2.006130574E0,-5.244847190E-1,2.088764718E0
7.112828750E-1,3.831588323E-1,-2.179840241E0,-4.384247413E-1,2.256264705E0
7.212548750E-1,5.121727487E-1,-2.367411318E0,-2.719721995E-1,2.437401516E0
7.312268750E-1,6.549344192E-1,-2.508970655E0,-1.661370114E-1,2.598359934E0
7.411978750E-1,7.944206256E-1,-2.652446124E0,-1.286264652E-1,2.771844032E0
7.511698750E-1,8.895654224E-1,-2.793300871E0,-6.974792719E-2,2.932357613E0
7.611418750E-1,9.860865075E-1,-2.922150115E0,-1.894497871E-2,3.084102270E0
7.711128750E-1,1.071669060E0,-3.031771376E0,-7.586703837E-2,3.216499348E0
7.810848750E-1,1.085697334E0,-3.134912167E0,-1.475047857E-1,3.320868961E0
7.910568750E-1,1.070330486E0,-3.228151283E0,-1.948795481E-1,3.406544597E0
8.010278750E-1,1.062131813E0,-3.306616239E0,-2.753629267E-1,3.483914419E0
8.109998750E-1,1.025818484E0,-3.393461425E0,-3.800310105E-1,3.565432312E0
8.209718750E-1,9.337382861E-1,-3.432484573E0,-4.955398321E-1,3.591570305E0
8.309438750E-1,8.249028917E-1,-3.476248643E0,-5.561409964E-1,3.615807270E0
8.409148750E-1,7.464050449E-1,-3.540805412E0,-6.130577570E-1,3.670185727E0
8.508868750E-1,6.370955875E-1,-3.570882320E0,-6.729607272E-1,3.689168940E0
8.608588750E-1,5.303599282E-1,-3.584722679E0,-6.791873541E-1,3.686843338E0
8.708298750E-1,4.471872324E-1,-3.595127800E0,-6.470558077E-1,3.680163248E0
8.808018750E-1,3.785314190E-1,-3.609438275E0,-6.074584633E-1,3.679719620E0
8.907738750E-1,3.002343509E-1,-3.617755355E0,-5.452341120E-1,3.670909248E0
9.007448750E-1,2.247683584E-1,-3.584632047E0,-4.360741971E-1,3.618047600E0
9.107168750E-1,2.348668653E-1,-3.565229816E0,-3.313459235E-1,3.588288758E0
9.206888750E-1,2.407505529E-1,-3.532932721E0,-2.204716051E-1,3.547982831E0
9.306598750E-1,2.653850187E-1,-3.464834878E0,-1.379971765E-1,3.477722410E0
9.406318750E-1,3.074658948E-1,-3.400992054E0,-4.458739478E-2,3.415153036E0
9.506038750E-1,3.885171477E-1,-3.304791323E0,2.435891569E-2,3.327639497E0
9.605748750E-1,4.282730978E-1,-3.204905092E0,8.378884614E-2,3.234479103E0
9.705468750E-1,5.055469397E-1,-3.087221106E0,8.107043903E-2,3.129390401E0
9.805193750E-1,5.998270063E-1,-2.967854292E0,6.538356543E-2,3.028568399E0
9.904903750E-1,6.737872311E-1,-2.798191482E0,3.008270027E-2,2.878327600E0
1.000462375E0,7.053202419E-1,-2.615882315E0,-3.539259335E-2,2.709533090E0
1.010434375E0,7.393973762E-1,-2.463733671E0,-1.373002249E-1,2.575954858E0
1.020405375E0,7.292512876E-1,-2.296560021E0,-2.122358018E-1,2.418892186E0
1.030377375E0,7.037765039E-1,-2.109048586E0,-2.899949992E-1,2.242205255E0
1.040349375E0,6.064229580E-1,-1.917926495E0,-3.804403156E-1,2.047175048E0
1.050321375E0,4.967357339E-1,-1.752936780E0,-4.390966594E-1,1.874123694E0
1.060292375E0,3.722515094E-1,-1.546867452E0,-4.550618970E-1,1.654826707E0
1.070264375E0,2.090253881E-1,-1.373080017E0,-4.575305915E-1,1.462318224E0
1.080236375E0,3.811759684E-2,-1.221254139E0,-4.167696512E-1,1.290973108E0
1.090207375E0,-1.229946098E-1,-1.016687545E0,-3.295584297E-1,1.075820616E0
1.100179375E0,-2.736774668E-1,-8.217606711E-1,-2.447784988E-1,9.000591480E-1
1.110151375E0,-3.675711421E-1,-6.312887907E-1,-1.358202946E-1,7.430216916E-1
1.120122375E0,-4.123113320E-1,-4.274396503E-1,-4.877277693E-2,5.958893126E-1
1.130094375E0,-4.806967848E-1,-2.264597386E-1,8.947820524E-2,5.388504072E-1
1.140066375E0,-4.441773051E-1,-4.164737821E-2,1.713555966E-1,4.779024199E-1
1.150037375E0,-3.592170059E-1,1.888586336E-1,2.252154511E-1,4.641405393E-1
1.160009375E0,-2.765681840E-1,4.391937232E-1,2.309971780E-1,5.681027928E-1
1.169981375E0,-1.172063688E-1,6.680174911E-1,2.250891513E-1,7.145976681E-1
1.179952375E0,5.289779571E-2,8.912331945E-1,1.453804922E-1,9.045608168E-1
1.189924375E0,1.766982706E-1,1.138273963E0,6.120923817E-2,1.153532169E0
1.199896375E0,2.718937554E-1,1.381186012E0,-4.109189272E-2,1.408293136E0
1.209867375E0,3.406083517E-1,1.612360945E0,-1.466317964E-1,1.654455424E0
1.219839375E0,3.227716761E-1,1.809255407E0,-2.363596594E-1,1.852957790E0
1.229811375E0,2.855973083E-1,2.032161793E0,-3.066583943E-1,2.074918492E0
1.239782375E0,1.668197104E-1,2.203113914E0,-3.333369005E-1,2.234424584E0
1.249754375E0,-1.713582050E-2,2.344908308E0,-3.271119547E-1,2.367676254E0
1.259726375E0,-2.031001121E-1,2.492596112E0,-2.878607655E-1,2.517369431E0
1.269698375E0,-4.401217494E-1,2.625946543E0,-1.952584112E-1,2.669724376E0
1.279669375E0,-6.539267246E-1,2.737418447E0,-7.542440414E-2,2.815451785E0
1.289641375E0,-7.913946915E-1,2.869455008E0,2.176684499E-2,2.976667834E0
1.299613375E0,-9.132383135E-1,2.981758971E0,1.234189349E-1,3.120917014E0
1.309584375E0,-9.504410038E-1,3.081555154E0,2.049273670E-1,3.231302446E0
1.319556375E0,-8.973648772E-1,3.193950334E0,2.386049902E-1,3.326186224E0
1.329528375E0,-7.900257853E-1,3.308893145E0,2.515226591E-1,3.411184286E0
1.339499375E0,-6.506899984E-1,3.425877219E0,2.148793280E-1,3.493738015E0
1.349471375E0,-4.388706645E-1,3.522895390E0,1.236276805E-1,3.552278592E0
1.359443375E0,-2.242787637E-1,3.626180608E0,3.211524725E-2,3.633251733E0
1.369414375E0,-3.177404394E-2,3.730768000E0,-4.572405696E-2,3.731183478E0
1.379386375E0,1.039742934E-1,3.766719605E0,-1.533198416E-1,3.771272227E0
1.389358375E0,1.894032652E-1,3.814017148E0,-2.452450883E-1,3.826584058E0
1.399329375E0,1.894515413E-1,3.846025976E0,-2.558133459E-1,3.859177135E0
1.409301375E0,9.936977550E-2,3.805688374E0,-2.383874738E-1,3.814441891E0
1.419273375E0,-3.297810442E-2,3.761731346E0,-2.104284275E-1,3.767756679E0
1.429244375E0,-2.290431481E-1,3.705172983E0,-1.457535446E-1,3.715105879E0
1.439216375E0,-4.450210218E-1,3.606137522E0,-4.662101984E-2,3.633792104E0
1.449188375E0,-6.850150546E-1,3.505168971E0,3.781160474E-2,3.571678157E0
1.459159375E0,-8.456834576E-1,3.431974695E0,1.180330646E-1,3.536603261E0
1.469131375E0,-9.726102103E-1,3.320168331E0,1.699610174E-1,3.463867075E0
1.479103375E0,-1.029975562E0,3.213578852E0,1.907969856E-1,3.379991447E0
1.489074375E0,-9.965118007E-1,3.120327457E0,1.699504924E-1,3.279994264E0
1.499046375E0,-8.693856579E-1,3.029256488E0,1.304162979E-1,3.154240749E0
1.509018375E0,-7.166107037E-1,2.926201066E0,8.741587400E-2,3.013938473E0
1.518990375E0,-5.187842685E-1,2.794087906E0,5.842537880E-3,2.841847723E0
1.528961375E0,-2.832762926E-1,2.691062306E0,-6.225062728E-2,2.706646806E0
1.538933375E0,-8.803798120E-2,2.555326211E0,-1.242275957E-1,2.559858439E0
1.548905375E0,7.746374851E-2,2.385259359E0,-1.482152132E-1,2.391114926E0
1.558876375E0,2.218145826E-1,2.251605458E0,-1.689377546E-1,2.268803387E0
1.568848375E0,2.556440507E-1,2.081199467E0,-1.384562286E-1,2.101407916E0
1.578820375E0,2.222493413E-1,1.840186009E0,-1.219740880E-1,1.857567494E0
1.588791375E0,1.592514034E-1,1.628268880E0,-7.496598244E-2,1.637754699E0
1.598763375E0,4.077174396E-2,1.425535973E0,-1.717561126E-2,1.426222335E0
1.608735375E0,-1.176455678E-1,1.170389795E0,1.420405626E-2,1.176373455E0
1.618706375E0,-2.798191629E-1,9.361602759E-1,7.576705098E-2,9.800180979E-1
1.628678375E0,-3.901545508E-1,7.335361272E-1,1.072168851E-1,8.377298394E-1
1.638650375E0,-5.272498673E-1,4.861883801E-1,1.246275544E-1,7.279447719E-1
1.648621375E0,-6.011463940E-1,2.433856738E-1,1.316325188E-1,6.617708767E-1
1.658593375E0,-6.207878492E-1,3.498623013E-2,1.214408219E-1,6.335214781E-1
1.668565375E0,-5.647003334E-1,-1.572982872E-1,8.987170458E-2,5.930481776E-1
1.678536375E0,-4.868425374E-1,-3.739966840E-1,6.524439256E-2,6.173702346E-1
1.688508375E0,-3.815600574E-1,-5.653456467E-1,2.852387826E-2,6.826546633E-1
1.698480375E0,-2.176361988E-1,-7.432471830E-1,-2.023136616E-4,7.744558935E-1
1.708451375E0,-5.252729237E-2,-9.558460969E-1,-2.609494488E-2,9.576438918E-1
1.718423375E0,9.219294869E-2,-1.158500651E0,-2.272227089E-2,1.162385306E0
1.728395375E0,2.269344229E-1,-1.325432811E0,-2.524359028E-2,1.344956731E0
1.738366375E0,3.978763472E-1,-1.522627235E0,-4.665375511E-2,1.574444619E0
1.748338375E0,4.805264847E-1,-1.723692516E0,1.099285679E-3,1.789419683E0
1.758310375E0,5.226127329E-1,-1.896521008E0,2.420748194E-2,1.967359145E0
1.768281375E0,5.664077935E-1,-2.072597044E0,5.736120382E-2,2.149364232E0
1.778253375E0,5.658719692E-1,-2.279810672E0,8.280942838E-2,2.350447869E0
1.788225375E0,5.360038801E-1,-2.448646100E0,1.224184763E-1,2.509612354E0
1.798196375E0,4.505749630E-1,-2.616344245E0,1.657159388E-1,2.660025710E0
1.808168375E0,4.222025551E-1,-2.780248716E0,1.697212815E-1,2.817240358E0
1.818140375E0,3.428839784E-1,-2.910100173E0,1.977586806E-1,2.936896481E0
1.828111375E0,2.359444340E-1,-3.054428167E0,2.086122823E-1,3.070622133E0
1.838083375E0,1.911416059E-1,-3.168671651E0,2.260884404E-1,3.182472487E0
1.848055375E0,1.540717936E-1,-3.286285470E0,2.118259120E-1,3.296707528E0
1.858026375E0,1.157113545E-1,-3.360933949E0,1.836154536E-1,3.367934198E0
1.867998375E0,1.144708677E-1,-3.437807293E0,1.638226104E-1,3.443611536E0
1.877970375E0,1.560480063E-1,-3.505595233E0,1.492536879E-1,3.512239397E0
1.887942375E0,1.940136120E-1,-3.554424747E0,1.200258140E-1,3.561738727E0
1.897913375E0,2.564908189E-1,-3.576282808E0,1.233330174E-1,3.587589343E0
1.907885375E0,3.270083128E-1,-3.614165749E0,8.914666811E-2,3.630024191E0
1.917857375E0,4.254565671E-1,-3.613108572E0,7.737622300E-2,3.638894602E0
1.927828375E0,5.407386629E-1,-3.595400864E0,6.763593117E-2,3.636465358E0
1.937800375E0,6.359185430E-1,-3.602042132E0,8.195223570E-2,3.658663155E0
1.947772375E0,7.410780121E-1,-3.576727781E0,1.074308749E-1,3.654274160E0
1.957743375E0,8.281987479E-1,-3.544462261E0,1.154322231E-1,3.641764748E0
1.967715375E0,8.829813114E-1,-3.508746883E0,1.200410167E-1,3.620134048E0
1.977686750E0,9.539578848E-1,-3.443884304E0,1.548459832E-1,3.576919348E0
1.987657750E0,1.002389933E0,-3.390517352E0,1.791458237E-1,3.540125240E0
1.997629750E0,9.921584755E-1,-3.313903039E0,2.202798164E-1,3.466245085E0
2.007601750E0,9.537842225E-1,-3.243299664E0,2.672727191E-1,3.391184419E0
2.017572750E0,9.276910226E-1,-3.141824745E0,2.777076785E-1,3.287673177E0
2.027544750E0,8.508919381E-1,-3.014571791E0,2.878490893E-1,3.145555161E0
2.037516750E0,7.624910275E-1,-2.920166155E0,2.830485070E-1,3.031316446E0
2.047487750E0,6.770686886E-1,-2.810832578E0,2.884478259E-1,2.905581515E0
2.057459750E0,5.893016893E-1,-2.665172004E0,2.644274640E-1,2.742323864E0
2.067431750E0,5.069622948E-1,-2.521222910E0,2.156277533E-1,2.580711348E0
2.077402750E0,3.854903365E-1,-2.367095568E0,1.867121025E-1,2.405536455E0
2.087374750E0,3.557695241E-1,-2.202796410E0,1.223658697E-1,2.234694024E0
2.097346750E0,3.406983988E-1,-2.020696573E0,8.214402437E-2,2.050862667E0
2.107317750E0,3.440552853E-1,-1.831768357E0,4.477446914E-2,1.864337444E0
2.117289750E0,3.392004152E-1,-1.639724745E0,1.018603239E-3,1.674441757E0
2.127261750E0,4.221091092E-1,-1.447393450E0,-4.912128925E-2,1.508488250E0
2.137232750E0,5.315977838E-1,-1.233307005E0,-5.155606985E-2,1.343986756E0
2.147204750E0,5.921910178E-1,-1.033818133E0,-3.509031057E-2,1.191931820E0
2.157176750E0,7.196470166E-1,-8.044523281E-1,-5.047784328E-2,1.080547727E0
2.167147750E0,8.496879964E-1,-5.898595136E-1,-4.007915497E-2,1.035137805E0
2.177119750E0,9.326441990E-1,-3.860004330E-1,6.272892952E-3,1.009386391E0
2.187091750E0,9.679825046E-1,-1.654300100E-1,6.014329533E-2,9.838569171E-1
2.197062750E0,1.027346727E0,3.730172753E-2,9.665564418E-2,1.032557519E0
2.207034750E0,1.028570476E0,2.544456822E-1,1.350005150E-1,1.068140894E0
2.217006750E0,9.282750133E-1,4.659365487E-1,1.923511755E-1,1.056309776E0
2.226977750E0,8.152057962E-1,6.729174578E-1,2.001455140E-1,1.075842285E0
2.236949750E0,6.739696643E-1,8.644944620E-1,1.692289460E-1,1.109154732E0
2.246921750E0,5.016748770E-1,1.054983299E0,1.613819826E-1,1.179284354E0
2.256892750E0,2.974404781E-1,1.249138341E0,1.210397029E-1,1.289755032E0
2.266864750E0,1.538915531E-1,1.454168034E0,4.593338728E-2,1.463009623E0
2.276836750E0,1.418600298E-2,1.631100102E0,-3.448103070E-2,1.631526196E0
2.286807750E0,-8.727641791E-2,1.825665033E0,-9.824608684E-2,1.830388560E0
2.296779750E0,-1.043137425E-1,2.009882732E0,-1.818074763E-1,2.020782995E0
2.306751750E0,-9.189696081E-2,2.183863125E0,-2.391955590E-1,2.198844632E0
2.316722750E0,-1.727252886E-2,2.365438467E0,-2.660424650E-1,2.380415106E0
2.326694750E0,1.109309634E-1,2.544830459E0,-2.557724154E-1,2.560056107E0
2.336666750E0,2.763752625E-1,2.705156434E0,-2.541632617E-1,2.731090182E0
2.346638750E0,4.252452999E-1,2.867578636E0,-2.036398101E-1,2.906081550E0
2.356609750E0,5.423581589E-1,3.010063003E0,-1.275353748E-1,3.061192076E0
2.366581750E0,6.663204829E-1,3.134271896E0,-6.965729991E-2,3.205073392E0
2.376553750E0,7.298060422E-1,3.249860240E0,-2.576925497E-2,3.330896650E0
2.386524750E0,7.009636277E-1,3.348933123E0,3.396881461E-2,3.421674583E0
2.396496750E0,6.227157493E-1,3.450984578E0,8.157275140E-2,3.507666400E0
2.406468750E0,4.981960395E-1,3.507365186E0,8.329768002E-2,3.543550246E0
2.416439750E0,2.976830645E-1,3.535849897E0,6.044734140E-2,3.548873565E0
2.426411750E0,6.772511948E-2,3.587860295E0,2.493662059E-2,3.588586076E0
2.436383750E0,-1.249431579E-1,3.625923915E0,-4.360795418E-2,3.628338006E0
2.446354750E0,-3.176350799E-1,3.625011749E0,-1.119671631E-1,3.640623418E0
2.456326750E0,-4.614037506E-1,3.643401827E0,-1.578122574E-1,3.675891049E0
2.466298750E0,-5.361423494E-1,3.636081698E0,-2.379120952E-1,3.683088500E0
2.476269750E0,-5.349803615E-1,3.632556412E0,-2.721750247E-1,3.681813319E0
2.486241750E0,-4.764010182E-1,3.613000984E0,-2.802500296E-1,3.655034079E0
2.496213750E0,-3.665972518E-1,3.592944449E0,-2.926157212E-1,3.623433085E0
2.506184750E0,-1.868838279E-1,3.538035001E0,-2.549853802E-1,3.552131019E0
2.516156750E0,-3.345648888E-2,3.485341063E0,-2.063464862E-1,3.491604293E0
2.526128750E0,1.216719514E-1,3.427523795E0,-1.396373570E-1,3.432524147E0
2.536099750E0,2.451779550E-1,3.339808543E0,-8.456945856E-2,3.349863479E0
2.546071750E0,3.180139795E-1,3.237348953E0,-3.441320300E-2,3.253113186E0
2.556043750E0,3.306745536E-1,3.128731075E0,2.472612083E-2,3.146254151E0
2.566014750E0,2.897255522E-1,3.010157143E0,5.366691013E-2,3.024544107E0
2.575986750E0,1.837738584E-1,2.847775286E0,5.447382589E-2,2.854218687E0
2.585958750E0,9.464385482E-3,2.696204932E0,4.987206717E-2,2.696682746E0
2.595929750E0,-1.849685176E-1,2.531325145E0,2.109792352E-2,2.538161828E0
2.605901750E0,-3.557234772E-1,2.356236704E0,-1.504547745E-2,2.382984885E0
2.615873750E0,-5.276245642E-1,2.168197850E0,-7.933268309E-2,2.232882279E0
2.625844750E0,-6.764705184E-1,1.996516582E0,-1.206426769E-1,2.111455772E0
2.635816750E0,-7.657959469E-1,1.810967472E0,-1.539712214E-1,1.972245866E0
2.645788750E0,-7.750132053E-1,1.625988466E0,-1.680390376E-1,1.809066355E0
2.655759750E0,-7.784497601E-1,1.433748972E0,-1.756129360E-1,1.640871734E0
2.665731750E0,-7.188039943E-1,1.235259975E0,-1.571310568E-1,1.437788773E0
2.675703750E0,-6.120425707E-1,1.043625668E0,-1.394765586E-1,1.217868775E0
2.685674750E0,-4.740971787E-1,8.575140560E-1,-1.116274399E-1,9.861841493E-1
2.695646750E0,-3.533825444E-1,6.421418077E-1,-5.230977595E-2,7.348208193E-1
2.705618750E0,-2.232078096E-1,4.553133273E-1,-2.006413579E-2,5.074785925E-1
2.715589750E0,-9.934826871E-2,2.461303568E-1,-5.347862294E-3,2.654784938E-1
2.725561750E0,-4.532109244E-2,5.023693800E-2,5.304827929E-2,8.597599255E-2
2.735533750E0,-3.248515673E-2,-1.769110179E-1,8.662649989E-2,1.996420400E-1
2.745504750E0,-3.549758742E-2,-4.043525040E-1,9.137326956E-2,4.160650197E-1
2.755476750E0,-7.628695982E-2,-6.021111846E-1,1.001300597E-1,6.151289358E-1
2.765448750E0,-1.889728919E-1,-8.169519210E-1,1.038874805E-1,8.449342008E-1
2.775419750E0,-2.856389880E-1,-1.045931810E0,9.589199781E-2,1.088466011E0
2.785391750E0,-3.830497818E-1,-1.256930341E0,7.582785746E-2,1.316188011E0
2.795363750E0,-5.092634665E-1,-1.454367424E0,6.515669803E-2,1.542329173E0
2.805334750E0,-6.102414456E-1,-1.661400374E0,6.438837846E-2,1.771099005E0
2.815306750E0,-7.140644605E-1,-1.854812819E0,4.982531229E-2,1.988140138E0
2.825278750E0,-7.495335245E-1,-2.019180390E0,2.813446283E-2,2.153991991E0
2.835249750E0,-7.721396642E-1,-2.208522003E0,3.774962425E-2,2.339913275E0
2.845221750E0,-7.957950137E-1,-2.385415480E0,4.269987702E-2,2.515018885E0
2.855193750E0,-7.509416071E-1,-2.500762918E0,3.924534202E-2,2.611372947E0
2.865164750E0,-6.977605230E-1,-2.656813409E0,6.775402665E-2,2.747747777E0
2.875136750E0,-6.204536077E-1,-2.801943641E0,7.940750917E-2,2.870915603E0
2.885108750E0,-5.437874743E-1,-2.898492866E0,9.167264700E-2,2.950486330E0
2.895079750E0,-4.581422833E-1,-3.004188890E0,1.002341219E-1,3.040574307E0
2.905051750E0,-3.564418442E-1,-3.141144714E0,1.422300124E-1,3.164501584E0
2.915023750E0,-2.729857777E-1,-3.217687690E0,1.520743847E-1,3.232825687E0
2.924994750E0,-1.945651141E-1,-3.270016762E0,1.439292133E-1,3.278960327E0
2.934966750E0,-1.161384571E-1,-3.367475814E0,1.655159640E-1,3.373540726E0
2.944938750E0,-9.519603297E-2,-3.436287602E0,1.915220404E-1,3.442937039E0
2.954909750E0,-7.851904303E-2,-3.465175771E0,1.977738833E-1,3.471703166E0
2.964881750E0,-5.801395409E-2,-3.528156130E0,1.947356518E-1,3.534002444E0
2.974853833E0,-8.462651460E-2,-3.572562810E0,2.021861923E-1,3.579280086E0
2.984824833E0,-1.130251071E-1,-3.585990356E0,2.152769387E-1,3.594223931E0
2.994796833E0,-1.528596292E-1,-3.588697032E0,2.287278736E-1,3.599226152E0
3.004768833E0,-2.016017631E-1,-3.620842100E0,2.154944551E-1,3.632847181E0
3.014739833E0,-2.295417146E-1,-3.594955307E0,2.102085904E-1,3.608404177E0
3.024711833E0,-3.036175864E-1,-3.562677507E0,2.280157010E-1,3.582854423E0
3.034683833E0,-3.578946580E-1,-3.545150478E0,2.072405438E-1,3.569191665E0
3.044654833E0,-4.041261071E-1,-3.496026850E0,2.018692915E-1,3.525091893E0
3.054626833E0,-4.339902129E-1,-3.408632026E0,2.122363865E-1,3.442697209E0
3.064598833E0,-4.275400031E-1,-3.347560197E0,2.058441921E-1,3.381023744E0
3.074569833E0,-3.980723751E-1,-3.256431341E0,1.726004505E-1,3.285208914E0
3.084541833E0,-3.751584161E-1,-3.142152774E0,1.778956890E-1,3.169466007E0
3.094513833E0,-3.157723397E-1,-3.030935224E0,1.635057096E-1,3.051723221E0
3.104484833E0,-2.370552223E-1,-2.907951906E0,1.394525850E-1,2.920929046E0
3.114456833E0,-1.431579655E-1,-2.762563813E0,1.341409560E-1,2.769521045E0
3.124428833E0,-5.600270377E-2,-2.599082095E0,1.238872969E-1,2.602635607E0
3.134399833E0,5.621894111E-2,-2.464335934E0,9.867293358E-2,2.466951259E0
3.144371833E0,1.732809202E-1,-2.283148263E0,7.171260992E-2,2.290837175E0
3.154343833E0,2.483802192E-1,-2.093645266E0,7.970575372E-2,2.109833225E0
3.164314833E0,3.111487636E-1,-1.928259110E0,8.414379040E-2,1.955013280E0
3.174286833E0,3.811945699E-1,-1.747105937E0,5.990707238E-2,1.789211366E0
3.184258833E0,4.008117957E-1,-1.537841690E0,6.473335505E-2,1.590533736E0
3.194229833E0,3.754551988E-1,-1.357600683E0,1.075127451E-1,1.412658915E0
3.204201833E0,3.375670321E-1,-1.179259436E0,8.719366154E-2,1.229718282E0
3.214173833E0,2.960009667E-1,-9.826392084E-1,1.009077303E-1,1.031202578E0
3.224144833E0,1.981697033E-1,-7.808517963E-1,1.183336115E-1,8.142503317E-1
3.234116833E0,1.209053631E-1,-5.902074230E-1,1.110795557E-1,6.126186225E-1
3.244088833E0,1.792895190E-2,-3.828786045E-1,1.238370109E-1,4.028065024E-1
3.254059833E0,-7.511541534E-2,-1.725402242E-1,1.081009841E-1,2.170213753E-1
3.264031833E0,-1.376153533E-1,2.388529122E-2,8.007995725E-2,1.610009073E-1
3.274003833E0,-1.768267814E-1,2.348925930E-1,4.306181967E-2,2.971473729E-1
3.283974833E0,-2.034457191E-1,4.709248084E-1,2.075936973E-2,5.134114210E-1
3.293946833E0,-1.708536679E-1,6.777074969E-1,-1.379533132E-2,6.990484521E-1
3.303918833E0,-8.575877309E-2,8.917916036E-1,-9.568968415E-2,9.010013024E-1
3.313889833E0,2.555412311E-2,1.132203968E0,-1.576643229E-1,1.143414569E0
3.323861833E0,1.176095069E-1,1.350941289E0,-2.131041133E-1,1.372693602E0
3.333833833E0,2.773210862E-1,1.534552631E0,-2.511162776E-1,1.579499335E0
3.343804833E0,4.336990216E-1,1.785705746E0,-3.073939741E-1,1.863150802E0
3.353776833E0,5.287817647E-1,1.992382016E0,-3.101772487E-1,2.084563786E0
3.363748833E0,5.945274555E-1,2.151489431E0,-3.040598917E-1,2.252736577E0
3.373719833E0,6.361953355E-1,2.355561351E0,-2.850342214E-1,2.456554149E0
3.383691833E0,6.178264537E-1,2.522231555E0,-2.289687788E-1,2.606873270E0
3.393663833E0,5.363430551E-1,2.630614375E0,-1.975359017E-1,2.691991139E0
3.403634833E0,4.197423756E-1,2.776954980E0,-1.555394630E-1,2.812802010E0
3.413606833E0,2.935585847E-1,2.928270396E0,-1.208146034E-1,2.945427019E0
3.423578833E0,1.262635688E-1,3.013781832E0,-8.752523521E-2,3.017695161E0
3.433549833E0,-4.164386988E-3,3.119609419E0,-6.546188157E-2,3.120298948E0
3.443521833E0,-1.352638590E-1,3.225660369E0,-8.655395787E-2,3.229655200E0
3.453493833E0,-2.229011963E-1,3.329592288E0,-1.397706370E-1,3.339970895E0
3.463464833E0,-2.391717316E-1,3.384285974E0,-1.905461766E-1,3.398073354E0
3.473436833E0,-2.155825653E-1,3.492301004E0,-2.502649595E-1,3.507887497E0
3.483408833E0,-1.609406274E-1,3.565867163E0,-3.783856406E-1,3.589496650E0
3.493379833E0,-4.904465418E-2,3.627531899E0,-4.255843288E-1,3.652740763E0
3.503351833E0,1.103894016E-1,3.690435076E0,-4.395480645E-1,3.718158061E0
3.513323833E0,2.314855666E-1,3.741160256E0,-5.588295096E-1,3.789743534E0
3.523294833E0,3.752338086E-1,3.752258272E0,-5.764775759E-1,3.814782948E0
3.533266833E0,5.007528076E-1,3.753721245E0,-5.100601862E-1,3.821169710E0
3.543238833E0,5.581792992E-1,3.728041443E0,-4.982400763E-1,3.802380873E0
3.553209833E0,5.757139295E-1,3.690401162E0,-4.477786418E-1,3.761783218E0
3.563181833E0,5.245718791E-1,3.629750333E0,-3.406652158E-1,3.683248013E0
3.573153833E0,4.242817153E-1,3.554636416E0,-2.682334167E-1,3.589903089E0
3.583124833E0,3.053405050E-1,3.459022161E0,-2.408321947E-1,3.480814169E0
3.593096833E0,1.369207041E-1,3.346570848E0,-1.631472935E-1,3.353341730E0
3.603068833E0,-2.354966104E-4,3.235339265E0,-1.170367356E-1,3.237455453E0
3.613039833E0,-1.362381513E-1,3.138067909E0,-1.766730362E-1,3.145988620E0
3.623011833E0,-2.132777756E-1,2.993631157E0,-2.107821840E-1,3.008611647E0
3.632983833E0,-2.724197673E-1,2.855933322E0,-2.449158901E-1,2.879331773E0
3.642954833E0,-2.653122939E-1,2.748764969E0,-3.181101662E-1,2.779800990E0
3.652926833E0,-2.217477233E-1,2.593880412E0,-4.212468642E-1,2.637202413E0
3.662898833E0,-1.491955812E-1,2.448808068E0,-4.759990221E-1,2.499098907E0
3.672869833E0,-2.180053957E-2,2.290819809E0,-4.712697941E-1,2.338894158E0
3.682841833E0,9.661537148E-2,2.146011760E0,-5.359463946E-1,2.214032416E0
3.692813833E0,1.968139898E-1,1.965331042E0,-5.178627473E-1,2.041921564E0
3.702784833E0,2.927428616E-1,1.798332224E0,-4.527130705E-1,1.877404137E0
3.712756833E0,3.677162627E-1,1.600398712E0,-4.065785025E-1,1.691684771E0
3.722728833E0,4.154079077E-1,1.381043925E0,-3.601498926E-1,1.486456860E0
3.732699833E0,4.162478968E-1,1.167871399E0,-2.602145817E-1,1.266845509E0
3.742671833E0,3.740844287E-1,9.497164607E-1,-1.790376685E-1,1.036318002E0
3.752643833E0,3.088669608E-1,7.205143780E-1,-1.434386502E-1,7.969406594E-1
3.762614833E0,2.186864867E-1,4.940990782E-1,-1.055294335E-1,5.505398622E-1
3.772586833E0,1.160881345E-1,2.671049041E-1,-5.431363503E-2,2.962624777E-1
3.782558833E0,1.044985145E-2,5.159524620E-2,-4.727420865E-2,7.075393719E-2
3.792529833E0,-9.850943081E-2,-1.713356978E-1,-8.405138612E-2,2.147665356E-1
3.802501833E0,-1.861188111E-1,-3.891427267E-1,-8.436423043E-2,4.395333855E-1
3.812473833E0,-2.358397323E-1,-6.046529692E-1,-9.883722207E-2,6.565016291E-1
3.822444833E0,-2.561868368E-1,-8.167607170E-1,-1.474773037E-1,8.686076901E-1
3.832416833E0,-2.679264744E-1,-1.006247342E0,-1.753006947E-1,1.055958636E0
3.842388833E0,-2.430780371E-1,-1.203266349E0,-1.827594030E-1,1.241103476E0
3.852359833E0,-1.915412814E-1,-1.399332846E0,-2.090046304E-1,1.427761679E0
3.862331833E0,-1.185447142E-1,-1.577620883E0,-2.132631576E-1,1.596377673E0
3.872303833E0,-6.252906438E-2,-1.769810675E0,-1.638050687E-1,1.778474574E0
3.882274833E0,2.702661647E-2,-1.938750769E0,-1.466943616E-1,1.944480449E0
3.892246833E0,9.246335501E-2,-2.112138839E0,-1.056053925E-1,2.116797687E0
3.902218833E0,1.350000034E-1,-2.286860075E0,-2.791519225E-2,2.291011406E0
3.912189833E0,1.645516851E-1,-2.425518023E0,2.830169320E-2,2.431258095E0
3.922161833E0,2.041829433E-1,-2.585921182E0,7.062384009E-2,2.594930974E0
3.932133833E0,2.058541872E-1,-2.734259196E0,1.214840913E-1,2.744687174E0
3.942104833E0,1.676092124E-1,-2.880260662E0,2.076767278E-1,2.892598132E0
3.952076833E0,1.587861477E-1,-3.010741864E0,1.997058034E-1,3.021533058E0
3.962048833E0,1.110648463E-1,-3.115357323E0,2.323239112E-1,3.125981614E0
3.972019833E0,3.772404268E-2,-3.227908038E0,2.990897584E-1,3.241954363E0
3.981991583E0,-8.661243003E-3,-3.322345249E0,2.942634666E-1,3.335362643E0
3.991963583E0,-7.700257679E-2,-3.406307173E0,2.878268333E-1,3.419313124E0
4.001934583E0,-1.487259584E-1,-3.485200145E0,2.692081658E-1,3.498744418E0
4.011906583E0,-1.936538256E-1,-3.525366424E0,3.066841221E-1,3.543975928E0
4.021878583E0,-2.200256087E-1,-3.570418636E0,2.823410304E-1,3.588316731E0
4.031849583E0,-2.696683965E-1,-3.608424368E0,2.799821905E-1,3.629302618E0
4.041821583E0,-2.917810312E-1,-3.610671453E0,3.151894820E-1,3.636128287E0
4.051793583E0,-2.919942718E-1,-3.622700930E0,2.804406853E-1,3.645253031E0
4.061764583E0,-2.737006729E-1,-3.612501047E0,2.869146860E-1,3.634198111E0
4.071736583E0,-2.496631897E-1,-3.567490935E0,3.063157475E-1,3.589310883E0
4.081708583E0,-2.104456767E-1,-3.543196338E0,3.220996483E-1,3.564025233E0
4.091679583E0,-1.604084760E-1,-3.500710469E0,3.332199562E-1,3.520190366E0
4.101651583E0,-9.285460683E-2,-3.436446646E0,3.509066141E-1,3.455564061E0
4.111622583E0,-3.747999224E-2,-3.350970878E0,4.001810273E-1,3.374989693E0
4.121594583E0,3.523532152E-3,-3.289831806E0,4.121901119E-1,3.315555220E0
4.131566583E0,5.223086595E-2,-3.194352622E0,4.279015803E-1,3.223308316E0
4.141537583E0,1.086240724E-1,-3.078733873E0,4.888797804E-1,3.119199399E0
4.151509583E0,1.258763735E-1,-2.984728187E0,5.003333795E-1,3.028990046E0
4.161481583E0,1.237358814E-1,-2.854223596E0,5.141736659E-1,2.902805102E0
4.171452583E0,1.535269792E-1,-2.725792428E0,5.565649195E-1,2.786266212E0
4.181424583E0,1.357931051E-1,-2.599230614E0,5.727534112E-1,2.665048972E0
4.191396583E0,6.706593728E-2,-2.466737385E0,5.605784118E-1,2.530521552E0
4.201367583E0,-1.811778042E-3,-2.300006370E0,5.713676941E-1,2.369914266E0
4.211339583E0,-5.699705020E-2,-2.142750767E0,6.044068380E-1,2.227091633E0
4.221311583E0,-1.193902308E-1,-1.980347861E0,5.835263944E-1,2.067978416E0
4.231282583E0,-1.682845476E-1,-1.806012542E0,5.497201689E-1,1.895308221E0
4.241254583E0,-2.442356214E-1,-1.622794132E0,5.466456664E-1,1.729720590E0
4.251226583E0,-2.951152963E-1,-1.419975856E0,5.354448131E-1,1.546003110E0
4.261197583E0,-3.272453443E-1,-1.235530701E0,5.042884362E-1,1.374020544E0
4.271169583E0,-3.397013754E-1,-1.022334786E0,4.502203294E-1,1.167588876E0
4.281141583E0,-3.266908090E-1,-8.370926553E-1,4.530165410E-1,1.006317537E0
4.291112583E0,-2.477020335E-1,-6.139067727E-1,4.460279854E-1,7.982347943E-1
4.301084583E0,-1.837290541E-1,-3.961605549E-1,3.980000889E-1,5.908499144E-1
4.311056583E0,-9.743350659E-2,-1.851234323E-1,4.133069666E-1,4.632349534E-1
4.321027583E0,1.732201092E-2,2.422209084E-2,4.183776355E-1,4.194360590E-1
4.330999583E0,7.756300500E-2,2.605127531E-1,4.026954031E-1,4.858461711E-1
4.340971583E0,1.695930448E-1,4.818924308E-1,4.120229181E-1,6.563116643E-1
4.350942583E0,2.313254626E-1,6.762977332E-1,4.289785644E-1,8.336142407E-1
4.360914583E0,2.727348408E-1,8.883990490E-1,4.460291183E-1,1.030814793E0
4.370886583E0,2.592299106E-1,1.115977945E0,4.506846714E-1,1.231147267E0
4.380857583E0,2.430055134E-1,1.295589792E0,4.586228514E-1,1.395686035E0
4.390829583E0,1.970347405E-1,1.489521469E0,4.748898419E-1,1.575759264E0
4.400801583E0,8.379432790E-2,1.675115018E0,4.670007785E-1,1.741011643E0
4.410772583E0,-8.834777400E-3,1.835662603E0,4.036532136E-1,1.879540146E0
4.420744583E0,-1.355976984E-1,2.027037293E0,3.985205277E-1,2.070286341E0
4.430716583E0,-2.290333906E-1,2.203303363E0,3.817425271E-1,2.247827698E0
4.440687583E0,-2.966430276E-1,2.345776620E0,2.989646280E-1,2.383284474E0
4.450659583E0,-3.440908437E-1,2.521159176E0,2.682924370E-1,2.558636928E0
4.460631583E0,-3.503085901E-1,2.685132644E0,2.381056380E-1,2.718335469E0
4.470602583E0,-3.078317478E-1,2.816935317E0,1.679308641E-1,2.838676759E0
4.480574583E0,-2.425747015E-1,2.963954199E0,1.236194944E-1,2.976432220E0
4.490546583E0,-1.324911093E-1,3.093395181E0,1.193779242E-1,3.098531706E0
4.500517583E0,-4.143428374E-3,3.211066303E0,1.116022603E-1,3.213007787E0
4.510489583E0,1.011614172E-1,3.324691737E0,9.207025766E-2,3.327504427E0
4.520461583E0,2.015447893E-1,3.420876095E0,1.067830034E-1,3.428471404E0
4.530432583E0,2.873102501E-1,3.486640899E0,1.216115606E-1,3.500571569E0
4.540404583E0,3.330891613E-1,3.552561824E0,1.415996826E-1,3.570951466E0
4.550376583E0,3.089156388E-1,3.607553717E0,1.259560418E-1,3.622945986E0
4.560347583E0,2.741002936E-1,3.624516490E0,1.393742323E-1,3.637537070E0
4.570319583E0,2.046180858E-1,3.633027112E0,1.403308459E-1,3.641489710E0
4.580291583E0,8.533108581E-2,3.644360186E0,1.051844021E-1,3.646876241E0
4.590262583E0,-3.194374111E-2,3.622934818E0,7.991623521E-2,3.623956913E0
4.600234583E0,-1.308986567E-1,3.603346646E0,4.358749350E-2,3.605986880E0
4.610206583E0,-2.290537462E-1,3.566011589E0,-2.632649462E-2,3.573457339E0
4.620177583E0,-3.006510015E-1,3.525525468E0,-8.052083731E-2,3.539237835E0
4.630149583E0,-3.157809644E-1,3.492228498E0,-1.132605672E-1,3.508305212E0
4.640120583E0,-2.759615720E-1,3.416479574E0,-1.722461092E-1,3.431931845E0
4.650092583E0,-2.116259738E-1,3.353308010E0,-2.118317592E-1,3.366650094E0
4.660064583E0,-1.329870994E-1,3.270681006E0,-2.056454051E-1,3.279836862E0
4.670035583E0,-5.228945687E-3,3.169159309E0,-2.137514001E-1,3.176363916E0
4.680007583E0,1.058384771E-1,3.069798743E0,-2.410356778E-1,3.081065449E0
4.689979583E0,2.167306296E-1,2.963971741E0,-2.157452824E-1,2.979705803E0
4.699950583E0,3.043499501E-1,2.807555214E0,-1.897895104E-1,2.830373690E0
4.709922583E0,3.443519584E-1,2.662653608E0,-1.901496989E-1,2.691553347E0
4.719894583E0,3.579863131E-1,2.521771379E0,-1.988801583E-1,2.554806922E0
4.729865583E0,3.557693779E-1,2.344608346E0,-1.906864367E-1,2.379100978E0
4.739837583E0,2.999637344E-1,2.179758380E0,-1.958869869E-1,2.209003519E0
4.749809583E0,2.056820598E-1,1.990934830E0,-2.513086510E-1,2.017246302E0
4.759780583E0,1.356283598E-1,1.793626385E0,-2.862305983E-1,1.821378219E0
4.769752583E0,5.774151038E-2,1.589833378E0,-3.215179235E-1,1.623045910E0
4.779724583E0,-4.425315332E-2,1.401178227E0,-3.757976629E-1,1.451372678E0
4.789695583E0,-9.475577418E-2,1.191209975E0,-4.312807228E-1,1.270418405E0
4.799667583E0,-1.151262675E-1,9.907533896E-1,-4.563541317E-1,1.096861628E0
4.809639583E0,-9.996421807E-2,7.905277687E-1,-4.824654579E-1,9.315041149E-1
4.819610583E0,-6.422965396E-2,5.814710981E-1,-5.137194103E-1,7.785510381E-1
4.829582583E0,-5.528611835E-2,3.797947830E-1,-5.101906157E-1,6.384317476E-1
4.839554583E0,2.829116821E-2,1.662971520E-1,-5.015338494E-1,5.291420746E-1
4.849525583E0,1.283958656E-1,-3.156151593E-2,-4.913935715E-1,5.088705825E-1
4.859497583E0,2.113327724E-1,-2.537025011E-1,-5.006123282E-1,5.996992604E-1
4.869469583E0,2.939294444E-1,-4.471289796E-1,-4.668802893E-1,7.101380480E-1
4.879440583E0,3.773373444E-1,-6.502887332E-1,-4.501367873E-1,8.762887854E-1
4.889412583E0,4.182668307E-1,-8.355174154E-1,-4.473487618E-1,1.035933110E0
4.899384583E0,4.392075738E-1,-1.052685928E0,-4.518756761E-1,1.226883280E0
4.909355583E0,4.544207498E-1,-1.259600764E0,-4.568143076E-1,1.414839784E0
4.919327583E0,4.474684470E-1,-1.446694708E0,-4.793945003E-1,1.588386816E0
4.929299583E0,4.038804875E-1,-1.632112255E0,-5.172552216E-1,1.759108532E0
4.939270583E0,3.623554989E-1,-1.817687092E0,-5.272895553E-1,1.926998222E0
4.949242583E0,3.332846775E-1,-1.995811992E0,-5.416590878E-1,2.094692997E0
4.959214583E0,2.640826245E-1,-2.168048746E0,-5.811068165E-1,2.260057550E0
4.969185583E0,2.221551281E-1,-2.337570637E0,-6.064632672E-1,2.425157125E0
4.979158208E0,1.951317459E-1,-2.491880997E0,-6.093869116E-1,2.572722238E0
4.989130208E0,1.704106317E-1,-2.638794045E0,-5.923750589E-1,2.709830623E0
4.999101208E0,1.470064202E-1,-2.765455261E0,-6.479901928E-1,2.844159802E0
5.009073208E0,1.297232201E-1,-2.907206971E0,-6.426024952E-1,2.980204431E0
5.019045208E0,1.440747724E-1,-3.038040760E0,-5.873422873E-1,3.097647521E0
5.029016208E0,1.717975913E-1,-3.127932930E0,-5.875581226E-1,3.187272090E0
5.038988208E0,1.846313160E-1,-3.215779159E0,-5.946314263E-1,3.275501619E0
5.048960208E0,2.114670757E-1,-3.309512950E0,-5.379607239E-1,3.359612482E0
5.058931208E0,2.791325901E-1,-3.380954230E0,-4.905112267E-1,3.427735079E0
5.068903208E0,3.040656658E-1,-3.432871658E0,-5.023442370E-1,3.482730751E0
5.078875208E0,3.434890921E-1,-3.489065740E0,-4.823140150E-1,3.538953419E0
5.088846208E0,3.792695569E-1,-3.532484239E0,-4.214771714E-1,3.577699443E0
5.098818208E0,4.194349948E-1,-3.551661353E0,-4.141898596E-1,3.600246841E0
5.108789208E0,4.251832098E-1,-3.567561101E0,-4.208107350E-1,3.617368470E0
5.118761208E0,3.895840818E-1,-3.579581223E0,-3.943520842E-1,3.622249446E0
5.128733208E0,3.943508051E-1,-3.547102863E0,-3.763549026E-1,3.588745504E0
5.138704208E0,3.999337631E-1,-3.518916360E0,-4.167194017E-1,3.566002583E0
5.148676208E0,3.689719523E-1,-3.500254387E0,-3.786511407E-1,3.539957310E0
5.158648208E0,3.073160234E-1,-3.453262653E0,-3.569935656E-1,3.485241813E0
5.168619208E0,2.780791411E-1,-3.399912658E0,-3.790451699E-1,3.432260091E0
5.178591208E0,2.307296313E-1,-3.351892984E0,-3.935684842E-1,3.382797495E0
5.188563208E0,1.902428889E-1,-3.252363433E0,-3.800380637E-1,3.280013596E0
5.198534208E0,1.275559131E-1,-3.164670401E0,-3.506101968E-1,3.186587010E0
5.208506208E0,8.785156466E-2,-3.077127058E0,-3.692533861E-1,3.100447853E0
5.218478208E0,5.436339118E-2,-2.951440573E0,-3.750977147E-1,2.975677255E0
5.228449208E0,1.019217197E-2,-2.823121086E0,-2.891775950E-1,2.837911244E0
5.238421208E0,4.859913290E-3,-2.699613274E0,-2.742548976E-1,2.713512704E0
5.248393208E0,8.767570965E-3,-2.562773809E0,-2.845050484E-1,2.578532449E0
5.258364208E0,1.735839156E-2,-2.405270870E0,-2.173930460E-1,2.415137472E0
5.268336208E0,1.538495628E-2,-2.244285328E0,-1.593050333E-1,2.249984761E0
5.278308208E0,3.926264612E-2,-2.080662693E0,-1.516212255E-1,2.086549255E0
5.288279208E0,7.575109905E-2,-1.888792743E0,-1.275926866E-1,1.894612401E0
5.298251208E0,8.409637313E-2,-1.718506036E0,-4.826293627E-2,1.721239236E0
5.308223208E0,1.106950648E-1,-1.549567696E0,-4.793079615E-2,1.554255708E0
5.318194208E0,1.515254042E-1,-1.325992974E0,-5.417561333E-2,1.335721645E0
5.328166208E0,1.529513209E-1,-1.106768580E0,-5.702793994E-3,1.117301803E0
5.338138208E0,1.498637900E-1,-9.421846622E-1,1.721244643E-2,9.541841340E-1
5.348109208E0,1.416008886E-1,-7.201360631E-1,-3.610304832E-2,7.348130314E-1
5.358081208E0,9.560791450E-2,-4.759674472E-1,-1.206280132E-2,4.856247474E-1
5.368053208E0,4.828751285E-2,-2.894804442E-1,2.538978894E-2,2.945763956E-1
5.378024208E0,-4.592348356E-3,-8.226623118E-2,-1.070026760E-3,8.240125857E-2
5.387996208E0,-3.368867816E-2,1.526801562E-1,-5.054917018E-2,1.643209535E-1
5.397968208E0,-1.304351186E-1,3.294023091E-1,9.313435955E-3,3.544092853E-1
5.407939208E0,-2.035459440E-1,5.378321582E-1,3.546921015E-2,5.761531451E-1
5.417911208E0,-2.342933448E-1,7.569904786E-1,1.200082541E-2,7.925099217E-1
5.427882208E0,-2.787921908E-1,9.602215683E-1,3.557796836E-2,1.000508040E0
5.437854208E0,-3.136298834E-1,1.141236162E0,1.026665819E-1,1.187991628E0
5.447826208E0,-3.438617425E-1,1.348103635E0,1.111462323E-1,1.395699751E0
5.457797208E0,-3.082412722E-1,1.572316289E0,1.042558551E-1,1.605633980E0
5.467769208E0,-2.948554241E-1,1.737577314E0,1.795679927E-1,1.771541506E0
5.477741208E0,-2.612335321E-1,1.918459761E0,2.106553177E-1,1.947589915E0
5.487712208E0,-1.896975264E-1,2.126341726E0,1.899175827E-1,2.143217902E0
5.497684208E0,-1.320183619E-1,2.310493936E0,1.986954411E-1,2.322776561E0
5.507656208E0,-1.149081664E-1,2.475405298E0,2.536428960E-1,2.491017863E0
5.517627208E0,-7.044646389E-2,2.641851554E0,2.297652062E-1,2.652759768E0
5.527599208E0,-4.349690733E-2,2.811020858E0,1.771846676E-1,2.816935330E0
5.537571208E0,-6.108069079E-2,2.910752138E0,2.169679900E-1,2.919466384E0
5.547542208E0,-1.135871707E-1,3.036681283E0,1.970406608E-1,3.045186411E0
5.557514208E0,-1.380418163E-1,3.180250892E0,1.424241034E-1,3.186429962E0
5.567486208E0,-1.994145572E-1,3.279185781E0,1.592465794E-1,3.289100945E0
5.577457208E0,-2.695525120E-1,3.327637564E0,1.917126961E-1,3.344037092E0
5.587429208E0,-3.524064249E-1,3.438749279E0,1.793505128E-1,3.461409179E0
5.597401208E0,-3.828675314E-1,3.511016187E0,1.652364671E-1,3.535693044E0
5.607372208E0,-4.404431270E-1,3.522000766E0,2.096203423E-1,3.555618123E0
5.617344208E0,-4.503934070E-1,3.585019133E0,2.241366398E-1,3.620145527E0
5.627316208E0,-4.543505102E-1,3.628684970E0,2.246687730E-1,3.663913899E0
5.637287208E0,-4.132054078E-1,3.634008275E0,2.598760279E-1,3.666645661E0
5.647259208E0,-3.870562574E-1,3.620639786E0,2.863896791E-1,3.652514758E0
5.657231208E0,-3.102436512E-1,3.633329998E0,2.763183983E-1,3.657005586E0
5.667202208E0,-2.358845732E-1,3.626875257E0,2.626826549E-1,3.644018090E0
5.677174208E0,-2.125606512E-1,3.579433288E0,2.772165672E-1,3.596439033E0
5.687146208E0,-1.496716816E-1,3.539786242E0,2.603169079E-1,3.552499563E0
5.697117208E0,-1.053997349E-1,3.497882171E0,2.375922890E-1,3.507526035E0
5.707089208E0,-9.675947794E-2,3.404476410E0,2.396656752E-1,3.414273225E0
5.717061208E0,-1.257039720E-1,3.315401680E0,2.175819111E-1,3.324910778E0
5.727032208E0,-1.390135687E-1,3.248765641E0,1.836785853E-1,3.256921981E0
5.737004208E0,-1.657885539E-1,3.112807353E0,1.740985437E-1,3.122077155E0
5.746975208E0,-2.335934879E-1,2.972045576E0,1.993760570E-1,2.987870753E0
5.756947208E0,-2.706488101E-1,2.854610682E0,1.743393759E-1,2.872707284E0
5.766919208E0,-2.962957395E-1,2.707505845E0,1.667579126E-1,2.728770285E0
5.776890208E0,-3.505077243E-1,2.531925069E0,1.939018571E-1,2.563415329E0
5.786862208E0,-3.815954696E-1,2.387897623E0,2.012260977E-1,2.426553544E0
5.796834208E0,-3.386185442E-1,2.226029736E0,1.985609368E-1,2.260375489E0
5.806805208E0,-3.073049137E-1,2.028664573E0,2.000753840E-1,2.061539818E0
5.816777208E0,-2.926613295E-1,1.857039438E0,2.215498499E-1,1.892968691E0
5.826749208E0,-2.101543027E-1,1.684676385E0,2.235308317E-1,1.712385875E0
5.836720208E0,-1.479020766E-1,1.462341857E0,2.012179299E-1,1.483511842E0
5.846692208E0,-1.014057394E-1,1.275369535E0,2.111394489E-1,1.296699827E0
5.856664208E0,-4.600068508E-2,1.104463023E0,1.854842420E-1,1.120874229E0
5.866635208E0,2.338737340E-2,8.861548877E-1,1.682173777E-1,9.022829602E-1
5.876607208E0,4.087806735E-2,6.809275585E-1,1.618205420E-1,7.010843346E-1
5.886579208E0,6.634641912E-2,4.793635100E-1,1.460552609E-1,5.054931862E-1
5.896550208E0,8.082344899E-2,2.759219205E-1,1.265056801E-1,3.141162575E-1
5.906522208E0,8.871651404E-2,4.097904146E-2,9.817356309E-2,1.385205768E-1
5.916494208E0,7.342991889E-2,-1.509207290E-1,8.106110176E-2,1.863864847E-1
5.926465208E0,5.352104494E-2,-3.729786837E-1,7.894678513E-2,3.849807731E-1
5.936437208E0,6.610313840E-2,-6.061820161E-1,7.230785647E-2,6.140477894E-1
5.946409208E0,6.463769825E-2,-7.926169789E-1,6.469006738E-2,7.978749978E-1
5.956380208E0,4.991844747E-2,-1.012985088E0,7.873978456E-2,1.017266236E0
5.966352208E0,6.165852360E-2,-1.232573179E0,8.096756458E-2,1.236767626E0
5.976323625E0,8.520763647E-2,-1.419054335E0,6.136887630E-2,1.422934182E0
5.986294625E0,8.850356575E-2,-1.601635982E0,7.056185961E-2,1.605630617E0
5.996266625E0,8.568250347E-2,-1.791106235E0,9.178141435E-2,1.795501842E0
6.006238625E0,1.298969190E-1,-1.978329987E0,9.406532764E-2,1.984820151E0
6.016209625E0,2.113448323E-1,-2.137842030E0,9.265731812E-2,2.150260580E0
6.026181625E0,2.419047933E-1,-2.296583995E0,8.827658415E-2,2.310975709E0
6.036153625E0,2.865802983E-1,-2.466639152E0,6.569346786E-2,2.484099959E0
6.046124625E0,3.208534971E-1,-2.599350482E0,5.701386094E-2,2.619698547E0
6.056096625E0,3.792242044E-1,-2.736139660E0,2.494773944E-2,2.762407216E0
6.066067625E0,4.199136990E-1,-2.860526894E0,2.067926288E-2,2.891257384E0
6.076039625E0,4.599211160E-1,-2.968754178E0,9.954299927E-3,3.004185063E0
6.086011625E0,4.797232234E-1,-3.080098028E0,-1.606815090E-2,3.117273876E0
6.095982625E0,5.137492676E-1,-3.189004759E0,-4.050600171E-2,3.230376200E0
6.105954625E0,5.369450625E-1,-3.272297176E0,-4.932711124E-2,3.316424577E0
6.115926625E0,5.440394162E-1,-3.325790429E0,-3.993765235E-2,3.370230834E0
6.125897625E0,5.546916544E-1,-3.392912371E0,-5.098479688E-2,3.438333410E0
6.135869625E0,5.560354176E-1,-3.467850287E0,-5.307342231E-2,3.512545770E0
6.145841625E0,5.700696123E-1,-3.501869972E0,-5.799794734E-2,3.548441408E0
6.155812625E0,5.509902207E-1,-3.518964307E0,-4.286944171E-2,3.562097389E0
6.165784625E0,5.693235075E-1,-3.541207700E0,-4.941891253E-2,3.587021531E0
6.175756625E0,5.535760056E-1,-3.547094677E0,-5.094328165E-2,3.590393051E0
6.185727625E0,5.436977926E-1,-3.547187648E0,-3.963652074E-2,3.588832478E0
6.195699625E0,5.535385834E-1,-3.521471009E0,-3.320633769E-2,3.564865452E0
6.205671625E0,5.666680676E-1,-3.503939887E0,-3.700351954E-2,3.549658672E0
6.215642625E0,5.604610290E-1,-3.436400453E0,-2.903201044E-2,3.481925831E0
6.225614625E0,5.723426443E-1,-3.390428474E0,-3.100018322E-2,3.438537822E0
6.235586625E0,5.874481219E-1,-3.321385136E0,-2.875309825E-2,3.373058147E0
6.245557625E0,6.141984026E-1,-3.228645957E0,-5.061992149E-2,3.286937293E0
6.255529625E0,6.207707461E-1,-3.142702412E0,-5.808039308E-2,3.203951951E0
6.265501625E0,6.385090057E-1,-3.051975845E0,-7.093899588E-2,3.118859190E0
6.275472625E0,6.698206262E-1,-2.932309653E0,-1.030285245E-1,3.009603703E0
6.285444625E0,6.740319371E-1,-2.808517665E0,-1.084962559E-1,2.890304822E0
6.295416625E0,6.889551278E-1,-2.670069047E0,-1.120654054E-1,2.759798279E0
6.305387625E0,7.268575837E-1,-2.544587215E0,-1.285972291E-1,2.649487363E0
6.315359625E0,7.238760884E-1,-2.391215917E0,-1.232517137E-1,2.501419825E0
6.325331625E0,7.201188138E-1,-2.216218693E0,-1.115046575E-1,2.332944425E0
6.335302625E0,7.234113079E-1,-2.069603269E0,-1.289404607E-1,2.196180151E0
6.345274625E0,7.296713369E-1,-1.893279896E0,-1.322324522E-1,2.033325957E0
6.355245625E0,6.943127123E-1,-1.719330493E0,-1.056153510E-1,1.857235066E0
6.365217625E0,6.537662186E-1,-1.547967898E0,-9.257077932E-2,1.682909454E0
6.375189625E0,6.251866364E-1,-1.354392316E0,-8.333159387E-2,1.494048537E0
6.385160625E0,5.895266609E-1,-1.147187458E0,-7.669619182E-2,1.292077031E0
6.395132625E0,5.365792461E-1,-9.539492601E-1,-6.762421846E-2,1.096589948E0
6.405104625E0,5.147185533E-1,-7.643807745E-1,-7.146585742E-2,9.242946101E-1
6.415075625E0,4.676545338E-1,-5.515736997E-1,-8.557342549E-2,7.281875585E-1
6.425047625E0,4.386599455E-1,-3.457587254E-1,-9.319174449E-2,5.662652605E-1
6.435019625E0,4.258871415E-1,-1.394157475E-1,-1.009398900E-1,4.593533164E-1
6.444990625E0,4.190377130E-1,7.513672113E-2,-1.239954704E-1,4.434106545E-1
6.454962625E0,4.193772170E-1,2.973712617E-1,-1.372312186E-1,5.321083769E-1
6.464934625E0,4.298271415E-1,4.914064354E-1,-1.631343931E-1,6.729372085E-1
6.474905625E0,4.191299529E-1,7.189964408E-1,-1.746370357E-1,8.503669170E-1
6.484877625E0,4.446740992E-1,9.361988676E-1,-1.869635510E-1,1.053166057E0
6.494849625E0,4.532213397E-1,1.120630574E0,-2.020780188E-1,1.225584755E0
6.504820625E0,4.684861540E-1,1.317803364E0,-1.816671431E-1,1.410350287E0
6.514792625E0,4.727087208E-1,1.525330403E0,-1.613018757E-1,1.605024818E0
6.524764625E0,4.427283651E-1,1.695320072E0,-1.389029467E-1,1.757672489E0
6.534735625E0,4.180284836E-1,1.877877746E0,-1.276423788E-1,1.928072928E0
6.544707625E0,3.773170254E-1,2.066371513E0,-1.021181130E-1,2.103018658E0
6.554679625E0,3.436398406E-1,2.216587653E0,-8.400052448E-2,2.244639225E0
6.564650625E0,2.772121818E-1,2.376964499E0,-6.378553966E-2,2.393924689E0
6.574622625E0,2.214252128E-1,2.524412566E0,-8.168794155E-2,2.535421237E0
6.584593625E0,1.758371036E-1,2.652297020E0,-8.570965648E-2,2.659500764E0
6.594565625E0,1.265026468E-1,2.802965149E0,-7.868248184E-2,2.806921353E0
6.604537625E0,6.931801066E-2,2.946630068E0,-1.046335944E-1,2.949301940E0
6.614508625E0,6.009154290E-2,3.049771444E0,-1.316816354E-1,3.053204367E0
6.624480625E0,3.446710702E-2,3.160791358E0,-1.512475793E-1,3.164595681E0
6.634452625E0,1.297325391E-2,3.282424554E0,-1.759123135E-1,3.287160537E0
6.644423625E0,3.685149193E-2,3.351687747E0,-2.176544166E-1,3.358949572E0
6.654395625E0,3.498089455E-2,3.442587976E0,-2.186168683E-1,3.449699838E0
6.664367625E0,6.724776741E-2,3.512049975E0,-2.064061278E-1,3.518752730E0
6.674338625E0,1.089644717E-1,3.531208962E0,-1.851591003E-1,3.537738526E0
6.684310625E0,8.680769049E-2,3.576855251E0,-1.674291730E-1,3.581823779E0
6.694282625E0,9.220006585E-2,3.606021747E0,-1.188703767E-1,3.609158331E0
6.704253625E0,8.103955843E-2,3.587543376E0,-9.194805086E-2,3.589636378E0
6.714225625E0,7.614249704E-2,3.588754919E0,-6.278624137E-2,3.590111650E0
6.724197625E0,2.404844681E-2,3.580280550E0,-4.450140417E-2,3.580637864E0
6.734168625E0,-3.145668631E-2,3.527967265E0,-3.219243050E-2,3.528254370E0
6.744140625E0,-9.116923828E-2,3.494054584E0,-3.621473471E-2,3.495431414E0
6.754112625E0,-1.548061308E-1,3.432590407E0,-5.627302329E-2,3.436540192E0
6.764083625E0,-1.852464614E-1,3.358226688E0,-7.998289347E-2,3.364282985E0
6.774055625E0,-2.252146471E-1,3.293568177E0,-1.054831856E-1,3.302944092E0
6.784027625E0,-2.568329724E-1,3.204046721E0,-1.461681122E-1,3.217645674E0
6.793998625E0,-3.001748737E-1,3.088786406E0,-1.617971349E-1,3.107552852E0
6.803970625E0,-2.988334311E-1,2.982684585E0,-1.824296200E-1,3.003163219E0
6.813942625E0,-2.746618456E-1,2.870650764E0,-1.876652169E-1,2.889860407E0
6.823913625E0,-2.505520213E-1,2.742966869E0,-1.825699532E-1,2.760430284E0
6.833885625E0,-2.364383045E-1,2.591861953E0,-1.430866295E-1,2.606554285E0
6.843857625E0,-2.171909699E-1,2.421523206E0,-1.293637991E-1,2.434683048E0
6.853828625E0,-1.985328702E-1,2.268914970E0,-1.027086818E-1,2.279899014E0
6.863800625E0,-1.862263816E-1,2.105280055E0,-8.106228948E-2,2.115054484E0
6.873771625E0,-2.060344276E-1,1.925658853E0,-4.723029971E-2,1.937225569E0
6.883743625E0,-2.083599749E-1,1.732880831E0,-3.229534149E-2,1.745661147E0
6.893715625E0,-2.394781988E-1,1.584414178E0,-2.001443446E-2,1.602535077E0
6.903686625E0,-2.586137785E-1,1.377117519E0,-7.011396289E-3,1.401207661E0
6.913658625E0,-3.077777341E-1,1.162041140E0,-3.137322645E-2,1.202518617E0
6.923630625E0,-3.397369338E-1,9.721206522E-1,-5.818212549E-2,1.031418880E0
6.933601625E0,-3.800953299E-1,7.603619832E-1,-7.387898505E-2,8.532765728E-1
6.943573625E0,-4.097847135E-1,5.544692409E-1,-8.907531381E-2,6.951935429E-1
6.953545625E0,-4.187254717E-1,3.445688170E-1,-1.100878680E-1,5.533335603E-1
6.963516625E0,-4.248939188E-1,1.534233373E-1,-1.379089200E-1,4.723266167E-1
6.973488625E0,-4.402475011E-1,-5.893057823E-2,-1.431948030E-1,4.666855760E-1
6.983461333E0,-4.470549392E-1,-2.683889526E-1,-1.476275772E-1,5.419267940E-1
6.993432333E0,-4.278359453E-1,-4.658277905E-1,-1.296187377E-1,6.456315851E-1
7.003404333E0,-4.212739807E-1,-6.831360519E-1,-1.186651486E-1,8.113125475E-1
7.013376333E0,-4.175532146E-1,-8.987720096E-1,-1.173693965E-1,9.979566060E-1
7.023347333E0,-3.885485765E-1,-1.075783015E0,-9.042719007E-2,1.147369238E0
7.033319333E0,-3.687257114E-1,-1.278553929E0,-6.894335032E-2,1.332445865E0
7.043291333E0,-3.587362551E-1,-1.486596692E0,-2.474540750E-2,1.529468457E0
7.053262333E0,-3.654275894E-1,-1.675229623E0,-2.270357807E-2,1.714773182E0
7.063234333E0,-3.347472489E-1,-1.837439572E0,-2.483020127E-2,1.867848077E0
7.073205333E0,-3.628211930E-1,-2.022329115E0,-6.581635075E-3,2.054628333E0
7.083177333E0,-3.469023677E-1,-2.198749552E0,-2.085706391E-3,2.225948156E0
7.093149333E0,-3.372581529E-1,-2.327194169E0,-2.268428226E-2,2.351614411E0
7.103120333E0,-3.498742881E-1,-2.486978692E0,6.449478865E-3,2.511476981E0
7.113092333E0,-3.730644185E-1,-2.640520728E0,1.482849321E-3,2.666745014E0
7.123064333E0,-3.903440371E-1,-2.781515223E0,-1.208444059E-2,2.808797152E0
7.133035333E0,-3.836529952E-1,-2.889148430E0,-3.198543906E-2,2.914685462E0
7.143007333E0,-3.891452848E-1,-2.999787691E0,-3.600949059E-2,3.025137505E0
7.152979333E0,-3.925429922E-1,-3.111774734E0,-4.089133322E-2,3.136702743E0
7.162950333E0,-3.834374156E-1,-3.196075212E0,-6.263829768E-2,3.219603169E0
7.172922333E0,-3.685243114E-1,-3.300137524E0,-6.115427434E-2,3.321213286E0
7.182894333E0,-3.684503806E-1,-3.365428119E0,-4.958906651E-2,3.385900350E0
7.192865333E0,-3.565693501E-1,-3.399284082E0,-3.950612783E-2,3.418162475E0
7.202837333E0,-3.122486980E-1,-3.460091032E0,-3.452663898E-2,3.474323141E0
7.212809333E0,-2.988813782E-1,-3.497110924E0,-2.522488832E-2,3.509950311E0
7.222780333E0,-2.866496061E-1,-3.512441738E0,9.426881075E-3,3.524131642E0
7.232752333E0,-2.634897716E-1,-3.536914675E0,1.451980591E-2,3.546745424E0
7.242724333E0,-2.377259710E-1,-3.554218340E0,4.233618021E-2,3.562411262E0
7.252695333E0,-1.855722244E-1,-3.526465116E0,3.984993955E-2,3.531569238E0
7.262667333E0,-1.779356328E-1,-3.500359052E0,6.577416400E-2,3.505495803E0
7.272639333E0,-1.463948562E-1,-3.479171666E0,7.817961216E-2,3.483127759E0
7.282610333E0,-1.135966725E-1,-3.431605736E0,6.678339342E-2,3.434134848E0
7.292582333E0,-1.036078648E-1,-3.371712121E0,9.762043476E-2,3.374715835E0
7.302554333E0,-9.125131857E-2,-3.296775375E0,1.139797747E-1,3.300006980E0
7.312525333E0,-7.834872460E-2,-3.210075200E0,1.004154130E-1,3.212600904E0
7.322497333E0,-7.115804720E-2,-3.126861135E0,8.906478882E-2,3.128938568E0
7.332468333E0,-7.108024725E-2,-3.025125430E0,9.782508731E-2,3.027541250E0
7.342440333E0,-5.840477650E-2,-2.907264274E0,1.076963659E-1,2.909844529E0
7.352412333E0,-4.876460910E-2,-2.778528466E0,6.543735067E-2,2.779726689E0
7.362383333E0,-9.150030032E-2,-2.642975973E0,8.303747892E-2,2.645862718E0
7.372355333E0,-6.548826713E-2,-2.510214357E0,8.598916252E-2,2.512540342E0
7.382327333E0,-7.189568259E-2,-2.375773421E0,6.579053164E-2,2.377771379E0
7.392298333E0,-4.807498483E-2,-2.193724455E0,5.783131083E-2,2.195013132E0
7.402270333E0,-4.116240649E-2,-2.027404498E0,6.513331373E-2,2.028868082E0
7.412242333E0,-9.337966852E-3,-1.866490293E0,5.777633786E-2,1.867407646E0
7.422213333E0,3.116083547E-2,-1.666237775E0,6.245761871E-2,1.667699096E0
7.432185333E0,3.967825525E-2,-1.482316530E0,4.451017499E-2,1.483515357E0
7.442157333E0,6.204341657E-2,-1.301690776E0,8.769770980E-2,1.306116056E0
7.452128333E0,9.922542237E-2,-1.095461234E0,9.421968500E-2,1.103973890E0
7.462100333E0,1.309453613E-1,-8.787277544E-1,8.399291396E-2,8.923922700E-1
7.472072333E0,1.890965057E-1,-6.911268568E-1,1.020678361E-1,7.237621597E-1
7.482043333E0,2.331447506E-1,-4.836886954E-1,9.471671660E-2,5.452361738E-1
7.492015333E0,2.251350519E-1,-2.662804466E-1,9.329702178E-2,3.609645442E-1
7.501987333E0,2.483253650E-1,-6.043857515E-2,7.838192582E-2,2.673238384E-1
7.511958333E0,2.990269008E-1,1.574976772E-1,8.794214169E-2,3.492226024E-1
7.521930333E0,2.740218678E-1,3.816460115E-1,7.249027133E-2,4.753908934E-1
7.531901333E0,2.494481400E-1,5.826446342E-1,6.501752059E-2,6.371235535E-1
7.541873333E0,2.520326824E-1,7.835321599E-1,5.081348260E-2,8.246363615E-1
7.551845333E0,2.238794354E-1,9.933624172E-1,5.093744357E-2,1.019551625E0
7.561816333E0,1.842245325E-1,1.185277390E0,3.216904163E-2,1.199940006E0
7.571788333E0,1.583972348E-1,1.379290929E0,-9.534469843E-3,1.388389015E0
7.581760333E0,1.604852755E-1,1.582557687E0,-1.855915384E-3,1.590675266E0
7.591731333E0,1.456252713E-1,1.755072184E0,-1.606230597E-2,1.761176620E0
7.601703333E0,1.510995807E-1,1.937710549E0,-3.512305041E-2,1.943910205E0
7.611675333E0,1.932045036E-1,2.126185606E0,-4.354070663E-2,2.135389661E0
7.621646333E0,2.140578673E-1,2.307638156E0,-3.217255453E-2,2.317768259E0
7.631618333E0,2.528956584E-1,2.460130616E0,-3.499324679E-2,2.473342554E0
7.641590333E0,3.057797040E-1,2.618028828E0,-5.290560722E-2,2.636356420E0
7.651561333E0,3.488625737E-1,2.785856781E0,-3.730874419E-2,2.807863074E0
7.661533333E0,3.696221627E-1,2.896316532E0,-3.693042934E-2,2.920040043E0
7.671505333E0,4.055650704E-1,3.021891920E0,-5.380783260E-2,3.049460458E0
7.681476333E0,4.106329983E-1,3.154065891E0,-4.699524164E-2,3.181031225E0
7.691448333E0,4.109429739E-1,3.264216324E0,-5.946442902E-2,3.290519466E0
7.701420333E0,3.945883117E-1,3.319989406E0,-8.002440870E-2,3.344313606E0
7.711391333E0,3.717298646E-1,3.415021278E0,-7.940343440E-2,3.436110931E0
7.721363333E0,3.152543130E-1,3.500299995E0,-9.998095572E-2,3.515889863E0
7.731335333E0,2.540729953E-1,3.520676957E0,-1.010433948E-1,3.531278676E0
7.741306333E0,2.248844987E-1,3.580558877E0,-1.065596581E-1,3.589196271E0
7.751278333E0,1.906480278E-1,3.616126905E0,-1.144001895E-1,3.622955681E0
7.761250333E0,1.809722746E-1,3.580041398E0,-1.431427536E-1,3.587469474E0
7.771221333E0,1.720986132E-1,3.597145089E0,-1.249357027E-1,3.603426099E0
7.781193333E0,1.858913179E-1,3.604458202E0,-1.452997915E-1,3.612171997E0
7.791164333E0,2.165607680E-1,3.580184655E0,-1.564083409E-1,3.590137087E0
7.801136333E0,2.104692849E-1,3.539787412E0,-1.402021980E-1,3.548809504E0
7.811108333E0,2.806303179E-1,3.511975715E0,-1.526129041E-1,3.526473805E0
7.821079333E0,3.173970982E-1,3.437384539E0,-1.530344975E-1,3.455397654E0
7.831051333E0,3.490123355E-1,3.364256337E0,-1.734968287E-1,3.386758252E0
7.841023333E0,3.791464730E-1,3.266135380E0,-1.782517844E-1,3.292896304E0
7.850994333E0,3.991114254E-1,3.192563959E0,-1.769034165E-1,3.222273945E0
7.860966333E0,4.082879725E-1,3.068832198E0,-1.644470930E-1,3.100237567E0
7.870938333E0,3.655249456E-1,2.949388200E0,-1.777138406E-1,2.977260729E0
7.880909333E0,3.322232983E-1,2.834332538E0,-1.873447895E-1,2.859879600E0
7.890881333E0,2.908739819E-1,2.686796177E0,-1.741669013E-1,2.708101822E0
7.900853333E0,2.352047613E-1,2.504152549E0,-1.801544684E-1,2.521617913E0
7.910824333E0,1.906283665E-1,2.358498407E0,-1.796323121E-1,2.372998457E0
7.920796333E0,1.570786511E-1,2.187826368E0,-1.646429747E-1,2.199628430E0
7.930768333E0,1.253810778E-1,2.002419346E0,-1.632138970E-1,2.012968561E0
7.940739333E0,1.063290950E-1,1.830144585E0,-1.596734262E-1,1.840171373E0
7.950711333E0,1.161551582E-1,1.663089049E0,-1.707036138E-1,1.675857074E0
7.960683333E0,1.440687425E-1,1.429136689E0,-1.708889705E-1,1.446509771E0
7.970654333E0,1.442506274E-1,1.251238076E0,-1.807900425E-1,1.272434677E0
7.980625583E0,1.493676355E-1,1.069123621E0,-1.766163182E-1,1.093859832E0
7.990596583E0,1.905171598E-1,8.581537414E-1,-1.837785910E-1,8.980530065E-1
8.000568583E0,2.184496744E-1,6.424587268E-1,-1.730845634E-1,7.003083192E-1
8.010540583E0,2.518591663E-1,4.575498873E-1,-1.675852937E-1,5.485159703E-1
8.020511583E0,2.391734492E-1,2.514864063E-1,-1.844492483E-1,3.930278318E-1
8.030483583E0,2.242676540E-1,1.049341321E-2,-1.547769678E-1,2.726939715E-1
8.040455583E0,2.364801121E-1,-1.792113125E-1,-1.882183453E-1,3.513768396E-1
8.050426583E0,2.177504205E-1,-3.724489260E-1,-1.906268317E-1,4.716694150E-1
8.060398583E0,1.448549006E-1,-6.390012681E-1,-1.734477486E-1,6.777829184E-1
8.070370583E0,1.316733031E-1,-8.160227984E-1,-1.457552805E-1,8.393304880E-1
8.080341583E0,1.095037311E-1,-9.926057875E-1,-1.281271130E-1,1.006813723E0
8.090313583E0,3.994382847E-2,-1.250963257E0,-1.068397397E-1,1.256152582E0
8.100285583E0,6.479920931E-3,-1.435423030E0,-9.755141934E-2,1.438748604E0
8.110256583E0,-2.995656487E-3,-1.579351659E0,-1.106047618E-1,1.583222678E0
8.120228583E0,-5.140819011E-2,-1.816578460E0,-8.992197236E-2,1.819529078E0
8.130200583E0,-1.048674190E-1,-1.998750218E0,-7.447421333E-2,2.002884425E0
8.140171583E0,-7.379089309E-2,-2.140042922E0,-7.614477198E-2,2.142668157E0
8.150143583E0,-9.224262262E-2,-2.313930929E0,-7.579160929E-2,2.317008721E0
8.160115583E0,-1.137851538E-1,-2.485071330E0,-6.024094840E-2,2.488404217E0
8.170086583E0,-1.060836582E-1,-2.586369079E0,-5.508779267E-2,2.589129857E0
8.180058583E0,-7.646964876E-2,-2.726026901E0,-6.111392856E-2,2.727783933E0
8.190029583E0,-8.133243084E-2,-2.884433236E0,-3.520608088E-2,2.885794435E0
8.200001583E0,-1.076931408E-1,-2.967432708E0,-3.071834286E-2,2.969545134E0
8.209973583E0,-7.722147278E-2,-3.066938285E0,-4.873011053E-2,3.068297284E0
8.219944583E0,-7.356754772E-2,-3.191348907E0,-3.134224534E-2,3.192350602E0
8.229916583E0,-1.085175525E-1,-3.265237833E0,-1.175290346E-2,3.267061722E0
8.239888583E0,-1.336163511E-1,-3.308680891E0,-5.461301703E-3,3.311382248E0
8.249859583E0,-1.049103504E-1,-3.382617179E0,-7.461047173E-4,3.384243743E0
8.259831583E0,-1.308593890E-1,-3.447538229E0,2.008752008E-2,3.450079351E0
8.269803583E0,-1.679078955E-1,-3.466930520E0,7.080159545E-2,3.471716169E0
8.279774583E0,-1.618495405E-1,-3.510412170E0,6.001231313E-2,3.514653660E0
8.289746583E0,-1.946636214E-1,-3.540705425E0,8.784390846E-2,3.547140451E0
8.299718583E0,-2.314228918E-1,-3.524275333E0,1.136114093E-1,3.533692224E0
8.309689583E0,-2.770975946E-1,-3.515005158E0,1.031975182E-1,3.527420313E0
8.319661583E0,-2.733583002E-1,-3.509297690E0,1.347549411E-1,3.522506769E0
8.329633583E0,-3.034952151E-1,-3.468680592E0,1.735839522E-1,3.486256700E0
8.339604583E0,-3.199005105E-1,-3.412155558E0,2.089069819E-1,3.433479870E0
8.349576583E0,-3.348901768E-1,-3.382247050E0,1.665742918E-1,3.402865488E0
8.359548583E0,-3.179488561E-1,-3.317575675E0,1.842282053E-1,3.337864567E0
8.369519583E0,-3.351616703E-1,-3.212014722E0,2.062675305E-1,3.236034334E0
8.379491583E0,-3.371245075E-1,-3.141484437E0,2.080123580E-1,3.166361720E0
8.389462583E0,-3.331359755E-1,-3.032047364E0,1.752936780E-1,3.055326279E0
8.399434583E0,-3.140838100E-1,-2.911866617E0,1.999350325E-1,2.935573173E0
8.409406583E0,-2.959387670E-1,-2.782905107E0,2.025007907E-1,2.805912892E0
8.419377583E0,-2.739840985E-1,-2.669893631E0,1.774360613E-1,2.689773753E0
8.429349583E0,-2.917030074E-1,-2.502922879E0,2.166650677E-1,2.529161390E0
8.439321583E0,-2.658683824E-1,-2.352664055E0,2.220924532E-1,2.378032635E0
8.449292583E0,-2.623431144E-1,-2.209989654E0,2.026095307E-1,2.234710005E0
8.459264583E0,-2.536971655E-1,-2.046136054E0,2.146747120E-1,2.072949646E0
8.469236583E0,-2.408732348E-1,-1.854950813E0,2.702068520E-1,1.889940258E0
8.479207583E0,-2.225443699E-1,-1.708413742E0,2.797658801E-1,1.745414695E0
8.489179583E0,-2.475337799E-1,-1.530895198E0,2.920239830E-1,1.578033931E0
8.499151583E0,-2.760609015E-1,-1.331941347E0,3.339941641E-1,1.400653231E0
8.509122583E0,-2.592893694E-1,-1.145677122E0,3.380438725E-1,1.222325941E0
8.519094583E0,-2.707302509E-1,-9.737315601E-1,3.217932908E-1,1.060659673E0
8.529066583E0,-2.876876148E-1,-7.494844079E-1,3.633997750E-1,8.812209926E-1
8.539037583E0,-2.866434665E-1,-5.465912873E-1,3.634980448E-1,7.162802111E-1
8.549009583E0,-2.977985105E-1,-3.471076781E-1,3.231592369E-1,5.599996298E-1
8.558981583E0,-2.907308164E-1,-1.443104517E-1,3.191024021E-1,4.551661863E-1
8.568952583E0,-3.024764474E-1,8.572602868E-2,3.106508732E-1,4.419784138E-1
8.578924583E0,-2.708367798E-1,2.744133389E-1,2.678492546E-1,4.694661490E-1
8.588895583E0,-2.436290276E-1,4.804136699E-1,2.332266847E-1,5.869813317E-1
8.598867583E0,-2.480014658E-1,6.980347574E-1,2.174521029E-1,7.720379956E-1
8.608839583E0,-2.227325772E-1,9.113943940E-1,2.074592844E-1,9.608792313E-1
8.618810583E0,-1.746942654E-1,1.094152043E0,1.752235115E-1,1.121779862E0
8.628782583E0,-1.619994851E-1,1.316687130E0,1.930657418E-1,1.340590621E0
8.638754583E0,-1.614336208E-1,1.501475517E0,2.048876059E-1,1.523964722E0
8.648725583E0,-1.225009952E-1,1.666665791E0,2.006390190E-1,1.683162906E0
8.658697583E0,-9.914745340E-2,1.870514932E0,2.195699827E-1,1.885965881E0
8.668669583E0,-1.029937244E-1,2.036857107E0,2.557443122E-1,2.055431764E0
8.678640583E0,-9.800200213E-2,2.204019063E0,2.509039871E-1,2.220418256E0
8.688612583E0,-9.505184429E-2,2.353306664E0,2.617798082E-1,2.369729051E0
8.698584583E0,-8.951710749E-2,2.523030285E0,2.664307566E-1,2.538637524E0
8.708555583E0,-1.135694098E-1,2.639976937E0,2.461912044E-1,2.653862533E0
8.718527583E0,-1.084455678E-1,2.784205527E0,2.320502250E-1,2.795962834E0
8.728499583E0,-1.043605933E-1,2.946852847E0,1.919138038E-1,2.954938873E0
8.738470583E0,-1.147361303E-1,3.045719908E0,1.534660220E-1,3.051741464E0
8.748442583E0,-1.309609112E-1,3.149783975E0,1.195077324E-1,3.154769714E0
8.758414583E0,-1.291546698E-1,3.251398058E0,6.521399617E-2,3.254615665E0
8.768385583E0,-9.949709862E-2,3.326309661E0,2.273516217E-2,3.327875076E0
8.778357583E0,-7.525578506E-2,3.400576317E0,8.287861738E-3,3.401419029E0
8.788329583E0,-4.073291022E-2,3.459391120E0,-1.539571881E-2,3.459665175E0
8.798300583E0,-2.449647143E-2,3.511468762E0,-1.609387636E-2,3.511591086E0
8.808272583E0,8.846873827E-3,3.556993428E0,5.180633068E-3,3.557008203E0
8.818243583E0,5.318821047E-2,3.551692343E0,-6.058875723E-3,3.552095747E0
8.828215583E0,6.374491978E-2,3.566527898E0,1.807959080E-3,3.567097971E0
8.838187583E0,7.949026555E-2,3.576210303E0,8.291443158E-4,3.577093725E0
8.848158583E0,1.010533716E-1,3.542132145E0,2.173410058E-2,3.543639977E0
8.858130583E0,1.044936175E-1,3.522210681E0,1.930984269E-2,3.523813257E0
8.868102583E0,9.026299294E-2,3.464030886E0,-4.833308458E-3,3.465210058E0
8.878073583E0,8.664601497E-2,3.391233636E0,-5.909779718E-3,3.392345505E0
8.888045583E0,8.364233684E-2,3.336430022E0,-5.295530856E-2,3.337898380E0
8.898017583E0,8.227375947E-2,3.274143142E0,-8.982551157E-2,3.276408233E0
8.907988583E0,6.455731731E-2,3.175012956E0,-1.221120822E-1,3.178016092E0
8.917960583E0,7.113433857E-2,3.061340745E0,-1.535057831E-1,3.066012276E0
8.927932583E0,6.451214757E-2,2.980578418E0,-1.933808702E-1,2.987541746E0
8.937903583E0,7.905486725E-2,2.841263827E0,-2.274923569E-1,2.851452714E0
8.947875583E0,1.085612696E-1,2.680239109E0,-2.516308326E-1,2.694213301E0
8.957847583E0,1.371047452E-1,2.562048755E0,-2.652618617E-1,2.579390507E0
8.967818583E0,1.310757542E-1,2.393603920E0,-2.619540918E-1,2.411460248E0
8.977790583E0,1.632538590E-1,2.249302824E0,-2.565658826E-1,2.269766743E0
8.987762833E0,1.949460237E-1,2.066745150E0,-2.588200025E-1,2.091991219E0
8.997733833E0,2.376949442E-1,1.894581487E0,-2.530879952E-1,1.926133804E0
9.007705833E0,2.481898558E-1,1.725919721E0,-2.342786537E-1,1.759341801E0
9.017677833E0,2.646836451E-1,1.518542370E0,-2.351826515E-1,1.559275230E0
9.027648833E0,2.930443952E-1,1.335002949E0,-2.752845740E-1,1.394234373E0
9.037620833E0,2.824543568E-1,1.145047962E0,-2.952113003E-1,1.215756970E0
9.047591833E0,2.706057782E-1,9.396843928E-1,-3.001031174E-1,1.022886175E0
9.057563833E0,2.694482123E-1,7.425484407E-1,-3.164624574E-1,8.509577033E-1
9.067535833E0,2.799825925E-1,5.446587825E-1,-3.498178991E-1,7.052772533E-1
9.077506833E0,2.672070476E-1,3.244427007E-1,-3.811630315E-1,5.674045549E-1
9.087478833E0,2.676341502E-1,1.208028907E-1,-4.084321064E-1,5.030289875E-1
9.097450833E0,2.674470393E-1,-6.684887767E-2,-4.316350641E-1,5.121577099E-1
9.107421833E0,2.539510443E-1,-2.846319330E-1,-4.560991931E-1,5.945863639E-1
9.117393833E0,2.681133660E-1,-4.937938535E-1,-4.554653915E-1,7.233020598E-1
9.127365833E0,2.819597189E-1,-6.860801250E-1,-4.584825182E-1,8.720168808E-1
9.137336833E0,2.996606294E-1,-8.740698624E-1,-4.656360384E-1,1.034703599E0
9.147308833E0,3.119199383E-1,-1.087863362E0,-4.817205957E-1,1.229957510E0
9.157280833E0,3.196338775E-1,-1.280893984E0,-4.559933585E-1,1.396705108E0
9.167251833E0,3.316109120E-1,-1.471898546E0,-4.643607972E-1,1.578632977E0
9.177223833E0,3.330238552E-1,-1.656835452E0,-4.540368801E-1,1.749902309E0
9.187195833E0,3.549171096E-1,-1.843665102E0,-4.305421829E-1,1.926248617E0
9.197166833E0,3.645328558E-1,-1.994655998E0,-4.310560801E-1,2.073004124E0
9.207138833E0,3.750253919E-1,-2.189609769E0,-4.400030144E-1,2.264649562E0
9.217110833E0,3.688787988E-1,-2.340507694E0,-4.318513014E-1,2.408431726E0
9.227081833E0,3.728947762E-1,-2.462592879E0,-4.467951401E-1,2.530422909E0
9.237053833E0,3.638208476E-1,-2.612009704E0,-4.583603114E-1,2.676761939E0
9.247024833E0,3.639384498E-1,-2.767978334E0,-4.572265363E-1,2.828994761E0
9.256996833E0,3.512847462E-1,-2.866399253E0,-4.674498081E-1,2.925432442E0
9.266968833E0,3.300251106E-1,-2.973153623E0,-4.846622568E-1,3.030421843E0
9.276939833E0,3.193260581E-1,-3.096616997E0,-4.709283167E-1,3.148456676E0
9.286911833E0,2.889388824E-1,-3.154171141E0,-4.791074020E-1,3.203408367E0
9.296883833E0,2.942200510E-1,-3.238594995E0,-4.805341226E-1,3.287244442E0
9.306854833E0,2.780088649E-1,-3.331349376E0,-4.604460132E-1,3.374490795E0
9.316826833E0,2.815383174E-1,-3.391738835E0,-4.508986795E-1,3.433142259E0
9.326798833E0,2.539241836E-1,-3.410451679E0,-4.574224180E-1,3.450346854E0
9.336769833E0,2.326274182E-1,-3.475192051E0,-4.427190461E-1,3.510993515E0
9.346741833E0,2.360507803E-1,-3.502303251E0,-4.089145748E-1,3.533986299E0
9.356713833E0,2.314234765E-1,-3.499850344E0,-3.741440338E-1,3.527391815E0
9.366684833E0,2.127861710E-1,-3.505543778E0,-3.890193504E-1,3.533475794E0
9.376656833E0,2.063759781E-1,-3.506508569E0,-3.440033913E-1,3.529381209E0
9.386628833E0,1.950445493E-1,-3.459312767E0,-3.041487694E-1,3.478130773E0
9.396599833E0,1.873800921E-1,-3.436058391E0,-3.072203118E-1,3.454850631E0
9.406571833E0,1.926840283E-1,-3.396911867E0,-2.919684710E-1,3.414876711E0
9.416542833E0,2.023559808E-1,-3.317768633E0,-2.493334981E-1,3.333272242E0
9.426514833E0,1.707463167E-1,-3.246934294E0,-2.562776514E-1,3.261504997E0
9.436486833E0,2.016998501E-1,-3.169571537E0,-2.658378124E-1,3.187089001E0
9.446457833E0,1.691526033E-1,-3.075342488E0,-2.314398122E-1,3.088674215E0
9.456429833E0,1.578544122E-1,-2.963484668E0,-2.010816715E-1,2.974490415E0
9.466401833E0,1.561088356E-1,-2.856589379E0,-2.341277955E-1,2.870416115E0
9.476372833E0,1.076686556E-1,-2.729361568E0,-2.348475877E-1,2.741561690E0
9.486344833E0,1.000656490E-1,-2.579276991E0,-1.852356988E-1,2.587855327E0
9.496316833E0,7.588859998E-2,-2.452446206E0,-1.620298541E-1,2.458964242E0
9.506287833E0,6.992398320E-2,-2.311453464E0,-2.070165771E-1,2.321758459E0
9.516259833E0,4.142302785E-2,-2.131778467E0,-1.449659338E-1,2.137103278E0
9.526231833E0,1.325399335E-3,-1.968662785E0,-7.671430905E-2,1.970157355E0
9.536202833E0,-1.805000754E-2,-1.814322020E0,-8.873909891E-2,1.816580530E0
9.546174833E0,-4.583330853E-2,-1.624460004E0,-6.755112370E-2,1.626509807E0
9.556146833E0,-5.756949261E-2,-1.435454021E0,1.484374166E-2,1.436684666E0
9.566117833E0,-5.735047784E-2,-1.262114482E0,1.993198872E-2,1.263574029E0
9.576089833E0,-7.010334654E-2,-1.060883140E0,-1.960103403E-2,1.063377504E0
9.586061833E0,-1.065634405E-1,-8.387865937E-1,4.606085201E-2,8.467823325E-1
9.596032833E0,-9.336442921E-2,-6.643752605E-1,9.174632192E-2,6.771475400E-1
9.606004833E0,-7.806140704E-2,-4.611622971E-1,6.192201376E-2,4.718035432E-1
9.615975833E0,-7.478417971E-2,-2.334898460E-1,4.311036070E-2,2.489351018E-1
9.625947833E0,-7.281671955E-2,-2.431506157E-2,1.098294393E-1,1.340000097E-1
9.635919833E0,-4.915702122E-2,1.798194230E-1,1.045622675E-1,2.137398077E-1
9.645890833E0,-6.409863065E-2,3.946127969E-1,5.920775453E-2,4.041453354E-1
9.655862833E0,-8.862190791E-2,5.956646293E-1,1.043377344E-1,6.111927323E-1
9.665834833E0,-8.633864329E-2,7.949523568E-1,1.597681693E-1,8.154320811E-1
9.675805833E0,-9.891727410E-2,1.015347363E0,1.275441821E-1,1.028096500E0
9.685777833E0,-1.192749401E-1,1.224961858E0,1.292444794E-1,1.237522606E0
9.695749833E0,-1.183032608E-1,1.409892333E0,2.321051888E-1,1.433759000E0
9.705720833E0,-1.534468176E-1,1.588245859E0,2.139858735E-1,1.609925709E0
9.715692833E0,-1.923445974E-1,1.778866258E0,1.903654611E-1,1.799333381E0
9.725664833E0,-2.122818852E-1,1.971741929E0,2.474378125E-1,1.998513274E0
9.735635833E0,-1.956613209E-1,2.112993118E0,2.886361428E-1,2.141572808E0
9.745607833E0,-2.063023032E-1,2.294050396E0,2.494808479E-1,2.316779781E0
9.755579833E0,-2.185020070E-1,2.470904111E0,2.568928150E-1,2.493813179E0
9.765550833E0,-2.009617488E-1,2.609904122E0,2.968011582E-1,2.634402414E0
9.775522833E0,-1.873071663E-1,2.739170272E0,2.866515978E-1,2.760490336E0
9.785494833E0,-1.865459868E-1,2.914496110E0,2.418782616E-1,2.930459362E0
9.795465833E0,-1.831760171E-1,3.015855839E0,2.573885858E-1,3.032356968E0
9.805437833E0,-1.386660523E-1,3.101473110E0,2.797542222E-1,3.117150325E0
9.815408833E0,-1.263032294E-1,3.234936976E0,2.365690263E-1,3.246033680E0
9.825380833E0,-1.400365665E-1,3.322404306E0,2.230526026E-1,3.332826589E0
9.835352833E0,-1.343425022E-1,3.374232856E0,2.801109024E-1,3.388503710E0
9.845323833E0,-1.232225233E-1,3.464499248E0,2.938600453E-1,3.479122383E0
9.855295833E0,-1.285465228E-1,3.510569460E0,2.573219641E-1,3.522333990E0
9.865267833E0,-1.478686652E-1,3.523118169E0,2.963053508E-1,3.538647148E0
9.875238833E0,-1.524900669E-1,3.537022848E0,3.453073204E-1,3.557108516E0
9.885210833E0,-1.745571847E-1,3.588198264E0,3.261261141E-1,3.607214332E0
9.895182833E0,-1.710241874E-1,3.573505965E0,3.248584378E-1,3.592315014E0
9.905153833E0,-2.003251514E-1,3.544296784E0,3.637681131E-1,3.568542714E0
9.915125833E0,-1.799365317E-1,3.531829936E0,3.430233979E-1,3.553007867E0
9.925097833E0,-1.713360267E-1,3.495381902E0,2.903119548E-1,3.511599593E0
9.935068833E0,-1.928944550E-1,3.437652342E0,3.116074777E-1,3.457131920E0
9.945040833E0,-1.709410655E-1,3.386764024E0,3.164091746E-1,3.405804775E0
9.955012833E0,-1.271241145E-1,3.328168491E0,2.398539190E-1,3.339220859E0
9.964983833E0,-1.220972267E-1,3.215330678E0,2.436604929E-1,3.226860631E0
9.974955833E0,-9.756844936E-2,3.113537085E0,2.714921065E-1,3.126873958E0
9.984927833E0,-7.830739209E-2,3.023527971E0,2.324677892E-1,3.033462495E0
9.994898833E0,-5.144373022E-2,2.892025845E0,2.191641676E-1,2.900774531E0